id,run_id,task_id,target_id,channel,captured_at,final_url,page_title,page_shop,selected_spec,page_price_raw,page_price_value,sale_box_count,units_per_box,min_unit,single_box_price,single_unit_price,control_price,comparison_price,break_amount,collection_status,calculation_status,price_status,error_code,error_detail,evidence_path,evidence_sha256,collector_version,raw_evidence
835dc20a-053b-491d-8149-a0210b531ede,023dbaa8-e0f3-40bf-83ec-89f521dd12c8,0dd5f42d-9879-4926-a378-5659aa611cf1,,search,2026-07-20 09:38:13.550708,,,,,,,,,,,,,,,page_changed,not_applicable,not_evaluated,collector_access_error,淘宝店铺主页尚未验证,/Users/helson/coding/cttq_work/数字员工drugget/evidence/023dbaa8-e0f3-40bf-83ec-89f521dd12c8/0dd5f42d-9879-4926-a378-5659aa611cf1,a9ba1285f48a9d825b91cd3b71df298b4b3ab0dff3fdc1f6a1e8fe478a38ed3c,,"{""manual_required"": true}"
e401ed91-df61-402b-b02c-ece2e1496eee,023dbaa8-e0f3-40bf-83ec-89f521dd12c8,49f74c73-983a-4498-9eb7-3b43eaae9fe3,,search,2026-07-20 09:38:57.689759,,,,,,,,,,,,,,,success,not_applicable,not_evaluated,,,/Users/helson/coding/cttq_work/数字员工drugget/evidence/023dbaa8-e0f3-40bf-83ec-89f521dd12c8/49f74c73-983a-4498-9eb7-3b43eaae9fe3,d68ff30fdcf037e066bb372efb7ae79b5d16d7c9e83fc6bd2ba0a7308d6dbc94,,"{""query"": ""托妥"", ""route"": ""shop_home"", ""shop_home_url"": ""https://shop202802473.taobao.com/"", ""hits"": [{""platform"": ""taobao"", ""query"": ""托妥"", ""rank"": 1, ""title"": """", ""url"": ""https://item.taobao.com/item.htm?id=975079107364"", ""product_id"": ""975079107364"", ""shop_name"": ""百年传徽医药专营店"", ""list_price_raw"": null, ""raw"": {""route"": ""shop_home"", ""shop_home_url"": ""https://shop202802473.taobao.com/""}}, {""platform"": ""taobao"", ""query"": ""托妥"", ""rank"": 3, ""title"": """", ""url"": ""https://item.taobao.com/item.htm?id=975178814032"", ""product_id"": ""975178814032"", ""shop_name"": ""百年传徽医药专营店"", ""list_price_raw"": null, ""raw"": {""route"": ""shop_home"", ""shop_home_url"": ""https://shop202802473.taobao.com/""}}, {""platform"": ""taobao"", ""query"": ""托妥"", ""rank"": 5, ""title"": """", ""url"": ""https://item.taobao.com/item.htm?id=976313221434"", ""product_id"": ""976313221434"", ""shop_name"": ""百年传徽医药专营店"", ""list_price_raw"": null, ""raw"": {""route"": ""shop_home"", ""shop_home_url"": ""https://shop202802473.taobao.com/""}}, {""platform"": ""taobao"", ""query"": ""托妥"", ""rank"": 7, ""title"": """", ""url"": ""https://item.taobao.com/item.htm?id=976339305569"", ""product_id"": ""976339305569"", ""shop_name"": ""百年传徽医药专营店"", ""list_price_raw"": null, ""raw"": {""route"": ""shop_home"", ""shop_home_url"": ""https://shop202802473.taobao.com/""}}, {""platform"": ""taobao"", ""query"": ""托妥"", ""rank"": 9, ""title"": """", ""url"": ""https://item.taobao.com/item.htm?id=977788393548"", ""product_id"": ""977788393548"", ""shop_name"": ""百年传徽医药专营店"", ""list_price_raw"": null, ""raw"": {""route"": ""shop_home"", ""shop_home_url"": ""https://shop202802473.taobao.com/""}}, {""platform"": ""taobao"", ""query"": ""托妥"", ""rank"": 11, ""title"": """", ""url"": ""https://item.taobao.com/item.htm?id=980699672780"", ""product_id"": ""980699672780"", ""shop_name"": ""百年传徽医药专营店"", ""list_price_raw"": null, ""raw"": {""route"": ""shop_home"", ""shop_home_url"": ""https://shop202802473.taobao.com/""}}, {""platform"": ""taobao"", ""query"": ""托妥"", ""rank"": 13, ""title"": """", ""url"": ""https://item.taobao.com/item.htm?id=996049743824"", ""product_id"": ""996049743824"", ""shop_name"": ""百年传徽医药专营店"", ""list_price_raw"": null, ""raw"": {""route"": ""shop_home"", ""shop_home_url"": ""https://shop202802473.taobao.com/""}}, {""platform"": ""taobao"", ""query"": ""托妥"", ""rank"": 15, ""title"": """", ""url"": ""https://item.taobao.com/item.htm?id=1024241619821"", ""product_id"": ""1024241619821"", ""shop_name"": ""百年传徽医药专营店"", ""list_price_raw"": null, ""raw"": {""route"": ""shop_home"", ""shop_home_url"": ""https://shop202802473.taobao.com/""}}, {""platform"": ""taobao"", ""query"": ""托妥"", ""rank"": 17, ""title"": """", ""url"": ""https://item.taobao.com/item.htm?id=1026612956208"", ""product_id"": ""1026612956208"", ""shop_name"": ""百年传徽医药专营店"", ""list_price_raw"": null, ""raw"": {""route"": ""shop_home"", ""shop_home_url"": ""https://shop202802473.taobao.com/""}}, {""platform"": ""taobao"", ""query"": ""托妥"", ""rank"": 19, ""title"": """", ""url"": ""https://item.taobao.com/item.htm?id=1048360076899"", ""product_id"": ""1048360076899"", ""shop_name"": ""百年传徽医药专营店"", ""list_price_raw"": null, ""raw"": {""route"": ""shop_home"", ""shop_home_url"": ""https://shop202802473.taobao.com/""}}, {""platform"": ""taobao"", ""query"": ""托妥"", ""rank"": 21, ""title"": """", ""url"": ""https://item.taobao.com/item.htm?id=1050864818731"", ""product_id"": ""1050864818731"", ""shop_name"": ""百年传徽医药专营店"", ""list_price_raw"": null, ""raw"": {""route"": ""shop_home"", ""shop_home_url"": ""https://shop202802473.taobao.com/""}}, {""platform"": ""taobao"", ""query"": ""托妥"", ""rank"": 23, ""title"": """", ""url"": ""https://item.taobao.com/item.htm?id=1052734108891"", ""product_id"": ""1052734108891"", ""shop_name"": ""百年传徽医药专营店"", ""list_price_raw"": null, ""raw"": {""route"": ""shop_home"", ""shop_home_url"": ""https://shop202802473.taobao.com/""}}, {""platform"": ""taobao"", ""query"": ""托妥"", ""rank"": 25, ""title"": """", ""url"": ""https://item.taobao.com/item.htm?id=1052737592456"", ""product_id"": ""1052737592456"", ""shop_name"": ""百年传徽医药专营店"", ""list_price_raw"": null, ""raw"": {""route"": ""shop_home"", ""shop_home_url"": ""https://shop202802473.taobao.com/""}}, {""platform"": ""taobao"", ""query"": ""托妥"", ""rank"": 27, ""title"": """", ""url"": ""https://item.taobao.com/item.htm?id=1056982570137"", ""product_id"": ""1056982570137"", ""shop_name"": ""百年传徽医药专营店"", ""list_price_raw"": null, ""raw"": {""route"": ""shop_home"", ""shop_home_url"": ""https://shop202802473.taobao.com/""}}, {""platform"": ""taobao"", ""query"": ""托妥"", ""rank"": 29, ""title"": """", ""url"": ""https://item.taobao.com/item.htm?id=1057126938718"", ""product_id"": ""1057126938718"", ""shop_name"": ""百年传徽医药专营店"", ""list_price_raw"": null, ""raw"": {""route"": ""shop_home"", ""shop_home_url"": ""https://shop202802473.taobao.com/""}}, {""platform"": ""taobao"", ""query"": ""托妥"", ""rank"": 31, ""title"": """", ""url"": ""https://item.taobao.com/item.htm?id=1059046908883"", ""product_id"": ""1059046908883"", ""shop_name"": ""百年传徽医药专营店"", ""list_price_raw"": null, ""raw"": {""route"": ""shop_home"", ""shop_home_url"": ""https://shop202802473.taobao.com/""}}]}"
259c9ec7-85fe-410b-9e00-3a8d851e78c9,023dbaa8-e0f3-40bf-83ec-89f521dd12c8,ea8d5369-913c-44bf-ae5a-de66d26faa43,,search,2026-07-20 09:39:32.702226,,,,,,,,,,,,,,,page_changed,not_applicable,not_evaluated,collector_access_error,淘宝店铺主页尚未验证,/Users/helson/coding/cttq_work/数字员工drugget/evidence/023dbaa8-e0f3-40bf-83ec-89f521dd12c8/ea8d5369-913c-44bf-ae5a-de66d26faa43,1efe347f6d84e9ff28de1cd40a559ab9aadfdbc4d909860fd5eea1ca89d3d661,,"{""manual_required"": true}"
3fa6f2ec-585b-4e41-9fff-dc7dc17947fd,023dbaa8-e0f3-40bf-83ec-89f521dd12c8,f9b332e6-db71-48f0-9548-e856c8ed06a7,,search,2026-07-20 09:40:07.713215,,,,,,,,,,,,,,,page_changed,not_applicable,not_evaluated,collector_access_error,淘宝店铺主页尚未验证,/Users/helson/coding/cttq_work/数字员工drugget/evidence/023dbaa8-e0f3-40bf-83ec-89f521dd12c8/f9b332e6-db71-48f0-9548-e856c8ed06a7,457ea62e314cdaad7c190b0281e4973d2d588e534ae60553f095ffde5473d57b,,"{""manual_required"": true}"
02f65472-4bd2-468c-bfd6-492805821355,023dbaa8-e0f3-40bf-83ec-89f521dd12c8,13a16013-2ea8-4ca5-8f82-91770cfa6e7b,,search,2026-07-20 09:41:05.745365,,,,,,,,,,,,,,,success,not_applicable,not_evaluated,,,/Users/helson/coding/cttq_work/数字员工drugget/evidence/023dbaa8-e0f3-40bf-83ec-89f521dd12c8/13a16013-2ea8-4ca5-8f82-91770cfa6e7b,604437cde9e4a9c46beeae94fbffb832b9cd949914a274a1186856a973a51717,opencli-1.8.6,"{""query"": ""依伦平"", ""provider_resolution"": null, ""hits"": []}"
9e8e96cb-6e5b-4de9-a145-4002b24388f4,023dbaa8-e0f3-40bf-83ec-89f521dd12c8,200d759d-2e39-4f8e-b75d-e8f02ef81bba,,search,2026-07-20 09:42:11.245255,,,,,,,,,,,,,,,success,not_applicable,not_evaluated,,,/Users/helson/coding/cttq_work/数字员工drugget/evidence/023dbaa8-e0f3-40bf-83ec-89f521dd12c8/200d759d-2e39-4f8e-b75d-e8f02ef81bba,fce4f04096ce51044013d44248857cf0fd474157d4c8cad851465ab5694154ec,opencli-1.8.6,"{""query"": ""葛泰"", ""provider_resolution"": [{""shop_name"": ""云天下"", ""provider_id"": ""5201"", ""match_confidence"": ""exact"", ""evidence"": ""store_search:云天下; matched_provider:云天下"", ""shop_url"": ""https://dian.ysbang.cn/#/provider?providerId=5201"", ""platform"": ""yaoshibang""}], ""hits"": []}"
b260b344-75c4-4e7f-9924-e344feef8c57,023dbaa8-e0f3-40bf-83ec-89f521dd12c8,9418e4d0-ffdd-49a2-8c26-d6380ed351fa,,search,2026-07-20 09:43:15.443542,,,,,,,,,,,,,,,success,not_applicable,not_evaluated,,,/Users/helson/coding/cttq_work/数字员工drugget/evidence/023dbaa8-e0f3-40bf-83ec-89f521dd12c8/9418e4d0-ffdd-49a2-8c26-d6380ed351fa,c46cc2ed4a1b6ac88e83a03c62854bc75ce3d08543487f7e45d5e547af986a16,opencli-1.8.6,"{""query"": ""托妥"", ""provider_resolution"": null, ""hits"": []}"
6228e910-97bf-49d8-9ddd-3aa3949fc38f,023dbaa8-e0f3-40bf-83ec-89f521dd12c8,a75bf792-2333-4f94-8f7e-05397eac4cb3,,search,2026-07-20 09:44:26.822858,,,,,,,,,,,,,,,success,not_applicable,not_evaluated,,,/Users/helson/coding/cttq_work/数字员工drugget/evidence/023dbaa8-e0f3-40bf-83ec-89f521dd12c8/a75bf792-2333-4f94-8f7e-05397eac4cb3,c212b58ec102818c0ff513d21319ee0530662b24f59f2943cbba28d2b568bbdd,opencli-1.8.6,"{""query"": ""优立维"", ""provider_resolution"": [{""shop_name"": ""扶正药局"", ""provider_id"": ""21288"", ""match_confidence"": ""exact"", ""evidence"": ""store_search:扶正药局; matched_provider:扶正药局"", ""shop_url"": ""https://dian.ysbang.cn/#/provider?providerId=21288"", ""platform"": ""yaoshibang""}], ""hits"": []}"
a306f623-6ac8-4bd1-807a-bfb539e97ee2,023dbaa8-e0f3-40bf-83ec-89f521dd12c8,1bba2145-2273-40ff-bd39-8732b7692808,,search,2026-07-20 09:48:44.827656,,,,,,,,,,,,,,,success,not_applicable,not_evaluated,,,/Users/helson/coding/cttq_work/数字员工drugget/evidence/023dbaa8-e0f3-40bf-83ec-89f521dd12c8/1bba2145-2273-40ff-bd39-8732b7692808,574f3c7843b9114c9e9c70defc5ee5c38154925cd533be4921a9bad2aa385c86,opencli-1.8.6,"{""query"": ""依伦平 厄贝沙坦氢氯噻嗪片"", ""hits"": [{""platform"": ""taobao"", ""query"": ""依伦平 厄贝沙坦氢氯噻嗪片"", ""rank"": 1, ""title"": ""依伦平 150mg:12.5mg*14片/盒 厄贝沙坦氢氯噻嗪片"", ""url"": ""https://item.taobao.com/item.htm?id=674234987846"", ""product_id"": ""674234987846"", ""shop_name"": ""依伦平旗舰店"", ""list_price_raw"": ""¥14.3"", ""raw"": {""item_id"": ""674234987846"", ""location"": ""浙江杭州"", ""price"": ""¥14.3"", ""rank"": 1, ""sales"": ""2000+人付款"", ""shop"": ""依伦平旗舰店"", ""title"": ""依伦平 150mg:12.5mg*14片/盒 厄贝沙坦氢氯噻嗪片"", ""url"": ""https://item.taobao.com/item.htm?id=674234987846""}}, {""platform"": ""taobao"", ""query"": ""依伦平 厄贝沙坦氢氯噻嗪片"", ""rank"": 2, ""title"": ""依伦平 厄贝沙坦氢氯噻嗪片 0.15g:12.5mg*28片/盒"", ""url"": ""https://item.taobao.com/item.htm?id=852080134956"", ""product_id"": ""852080134956"", ""shop_name"": ""益丰大药房大药房旗舰店"", ""list_price_raw"": ""¥18.5"", ""raw"": {""item_id"": ""852080134956"", ""location"": ""上海"", ""price"": ""¥18.5"", ""rank"": 2, ""sales"": ""200+人付款"", ""shop"": ""益丰大药房大药房旗舰店"", ""title"": ""依伦平 厄贝沙坦氢氯噻嗪片 0.15g:12.5mg*28片/盒"", ""url"": ""https://item.taobao.com/item.htm?id=852080134956""}}, {""platform"": ""taobao"", ""query"": ""依伦平 厄贝沙坦氢氯噻嗪片"", ""rank"": 3, ""title"": ""依伦平 厄贝沙坦氢氯噻嗪片 0.15g:12.5mg*14片/盒"", ""url"": ""https://item.taobao.com/item.htm?id=676811555503"", ""product_id"": ""676811555503"", ""shop_name"": ""依伦平旗舰店"", ""list_price_raw"": ""¥85.8"", ""raw"": {""item_id"": ""676811555503"", ""location"": ""浙江杭州"", ""price"": ""¥85.8"", ""rank"": 3, ""sales"": ""100+人付款"", ""shop"": ""依伦平旗舰店"", ""title"": ""依伦平 厄贝沙坦氢氯噻嗪片 0.15g:12.5mg*14片/盒"", ""url"": ""https://item.taobao.com/item.htm?id=676811555503""}}, {""platform"": ""taobao"", ""query"": ""依伦平 厄贝沙坦氢氯噻嗪片"", ""rank"": 4, ""title"": ""依伦平 厄贝沙坦氢氯噻嗪片 7片/盒"", ""url"": ""https://item.taobao.com/item.htm?id=587681721605"", ""product_id"": ""587681721605"", ""shop_name"": ""奇冠大药房旗舰店"", ""list_price_raw"": ""¥7.14"", ""raw"": {""item_id"": ""587681721605"", ""location"": ""江苏南京"", ""price"": ""¥7.14"", ""rank"": 4, ""sales"": ""100+人付款"", ""shop"": ""奇冠大药房旗舰店"", ""title"": ""依伦平 厄贝沙坦氢氯噻嗪片 7片/盒"", ""url"": ""https://item.taobao.com/item.htm?id=587681721605""}}, {""platform"": ""taobao"", ""query"": ""依伦平 厄贝沙坦氢氯噻嗪片"", ""rank"": 5, ""title"": ""利培 厄贝沙坦氢氯噻嗪分散片 0.15g:12.5mg*14片/盒"", ""url"": ""https://item.taobao.com/item.htm?id=675684220388"", ""product_id"": ""675684220388"", ""shop_name"": ""非凡大药房旗舰店"", ""list_price_raw"": ""¥10.5"", ""raw"": {""item_id"": ""675684220388"", ""location"": ""江苏宿迁"", ""price"": ""¥10.5"", ""rank"": 5, ""sales"": ""300+人付款"", ""shop"": ""非凡大药房旗舰店"", ""title"": ""利培 厄贝沙坦氢氯噻嗪分散片 0.15g:12.5mg*14片/盒"", ""url"": ""https://item.taobao.com/item.htm?id=675684220388""}}]}"
9c49f361-6751-4cc0-a6fa-ef7ee42b59d0,023dbaa8-e0f3-40bf-83ec-89f521dd12c8,9e7a7877-a607-4e12-a29d-ff1568b71bca,,search,2026-07-20 09:49:36.410940,,,,,,,,,,,,,,,success,not_applicable,not_evaluated,,,/Users/helson/coding/cttq_work/数字员工drugget/evidence/023dbaa8-e0f3-40bf-83ec-89f521dd12c8/9e7a7877-a607-4e12-a29d-ff1568b71bca,7d20608d9949774cc044470cd140dcd462b54515bba7a642abd29e549ee1f699,opencli-1.8.6,"{""query"": ""优立维 硫酸氢氯吡格雷片"", ""hits"": [{""platform"": ""taobao"", ""query"": ""优立维 硫酸氢氯吡格雷片"", ""rank"": 1, ""title"": ""优立维 75mg*48片/盒 硫酸氢氯吡格雷片"", ""url"": ""https://item.taobao.com/item.htm?id=1034532947139"", ""product_id"": ""1034532947139"", ""shop_name"": ""健尔堂大药房旗舰店"", ""list_price_raw"": ""¥28"", ""raw"": {""item_id"": ""1034532947139"", ""location"": ""四川成都"", ""price"": ""¥28"", ""rank"": 1, ""sales"": ""600+人付款"", ""shop"": ""健尔堂大药房旗舰店"", ""title"": ""优立维 75mg*48片/盒 硫酸氢氯吡格雷片"", ""url"": ""https://item.taobao.com/item.htm?id=1034532947139""}}, {""platform"": ""taobao"", ""query"": ""优立维 硫酸氢氯吡格雷片"", ""rank"": 2, ""title"": ""优立维 硫酸氢氯吡格雷片 75mg*36片/盒"", ""url"": ""https://item.taobao.com/item.htm?id=775678181447"", ""product_id"": ""775678181447"", ""shop_name"": ""美锐大药房旗舰店"", ""list_price_raw"": ""¥20.8"", ""raw"": {""item_id"": ""775678181447"", ""location"": ""河南信阳"", ""price"": ""¥20.8"", ""rank"": 2, ""sales"": ""37人付款"", ""shop"": ""美锐大药房旗舰店"", ""title"": ""优立维 硫酸氢氯吡格雷片 75mg*36片/盒"", ""url"": ""https://item.taobao.com/item.htm?id=775678181447""}}, {""platform"": ""taobao"", ""query"": ""优立维 硫酸氢氯吡格雷片"", ""rank"": 3, ""title"": ""优立维 75mg*14片/盒 硫酸氢氯吡格雷片"", ""url"": ""https://item.taobao.com/item.htm?id=1016504739977"", ""product_id"": ""1016504739977"", ""shop_name"": ""上元堂大药房旗舰店"", ""list_price_raw"": ""¥5.79"", ""raw"": {""item_id"": ""1016504739977"", ""location"": ""江苏南京"", ""price"": ""¥5.79"", ""rank"": 3, ""sales"": ""11人付款"", ""shop"": ""上元堂大药房旗舰店"", ""title"": ""优立维 75mg*14片/盒 硫酸氢氯吡格雷片"", ""url"": ""https://item.taobao.com/item.htm?id=1016504739977""}}, {""platform"": ""taobao"", ""query"": ""优立维 硫酸氢氯吡格雷片"", ""rank"": 4, ""title"": ""波立维 波立维 硫酸氢氯吡格雷片 75mg*7片/盒"", ""url"": ""https://item.taobao.com/item.htm?id=1064581889295"", ""product_id"": ""1064581889295"", ""shop_name"": ""小药典药品专营店"", ""list_price_raw"": ""¥27"", ""raw"": {""item_id"": ""1064581889295"", ""location"": ""广东惠州"", ""price"": ""¥27"", ""rank"": 4, ""sales"": ""0人付款"", ""shop"": ""小药典药品专营店"", ""title"": ""波立维 波立维 硫酸氢氯吡格雷片 75mg*7片/盒"", ""url"": ""https://item.taobao.com/item.htm?id=1064581889295""}}, {""platform"": ""taobao"", ""query"": ""优立维 硫酸氢氯吡格雷片"", ""rank"": 5, ""title"": ""优立维 75mg*7片/盒 硫酸氢氯吡格雷片"", ""url"": ""https://item.taobao.com/item.htm?id=681162096935"", ""product_id"": ""681162096935"", ""shop_name"": ""同德堂大药房旗舰店"", ""list_price_raw"": ""¥12.5"", ""raw"": {""item_id"": ""681162096935"", ""location"": ""山东枣庄"", ""price"": ""¥12.5"", ""rank"": 5, ""sales"": ""0人付款"", ""shop"": ""同德堂大药房旗舰店"", ""title"": ""优立维 75mg*7片/盒 硫酸氢氯吡格雷片"", ""url"": ""https://item.taobao.com/item.htm?id=681162096935""}}]}"
87da13bd-0a6f-458c-aac6-447da6930b1f,023dbaa8-e0f3-40bf-83ec-89f521dd12c8,c18de2e3-c5b5-42d6-aab8-721e045ee32a,,search,2026-07-20 09:50:27.675264,,,,,,,,,,,,,,,success,not_applicable,not_evaluated,,,/Users/helson/coding/cttq_work/数字员工drugget/evidence/023dbaa8-e0f3-40bf-83ec-89f521dd12c8/c18de2e3-c5b5-42d6-aab8-721e045ee32a,5f004713c1141d77ea9f17aad389a1711ff571023ffa54fc465b3ddb9982ad8c,opencli-1.8.6,"{""query"": ""葛泰 地奥司明片"", ""hits"": [{""platform"": ""taobao"", ""query"": ""葛泰 地奥司明片"", ""rank"": 1, ""title"": ""葛泰 地奥司明片 0.45g*24片/盒"", ""url"": ""https://item.taobao.com/item.htm?id=1054514852337"", ""product_id"": ""1054514852337"", ""shop_name"": ""医医药专营店"", ""list_price_raw"": ""¥13.8"", ""raw"": {""item_id"": ""1054514852337"", ""location"": ""江苏淮安"", ""price"": ""¥13.8"", ""rank"": 1, ""sales"": ""300+人付款"", ""shop"": ""医医药专营店"", ""title"": ""葛泰 地奥司明片 0.45g*24片/盒"", ""url"": ""https://item.taobao.com/item.htm?id=1054514852337""}}, {""platform"": ""taobao"", ""query"": ""葛泰 地奥司明片"", ""rank"": 2, ""title"": ""葛泰 0.45g*48片/盒 地奥司明片"", ""url"": ""https://item.taobao.com/item.htm?id=1065865275950"", ""product_id"": ""1065865275950"", ""shop_name"": ""满康堂医药专营店"", ""list_price_raw"": ""¥31.6"", ""raw"": {""item_id"": ""1065865275950"", ""location"": ""辽宁沈阳"", ""price"": ""¥31.6"", ""rank"": 2, ""sales"": ""0人付款"", ""shop"": ""满康堂医药专营店"", ""title"": ""葛泰 0.45g*48片/盒 地奥司明片"", ""url"": ""https://item.taobao.com/item.htm?id=1065865275950""}}, {""platform"": ""taobao"", ""query"": ""葛泰 地奥司明片"", ""rank"": 3, ""title"": ""葛泰 地奥司明片 0.45g*20片/盒"", ""url"": ""https://item.taobao.com/item.htm?id=1066800026246"", ""product_id"": ""1066800026246"", ""shop_name"": ""冠瑞智医药专营店"", ""list_price_raw"": ""¥28.49"", ""raw"": {""item_id"": ""1066800026246"", ""location"": ""浙江杭州"", ""price"": ""¥28.49"", ""rank"": 3, ""sales"": ""0人付款"", ""shop"": ""冠瑞智医药专营店"", ""title"": ""葛泰 地奥司明片 0.45g*20片/盒"", ""url"": ""https://item.taobao.com/item.htm?id=1066800026246""}}]}"
3ac0f9e6-c2b1-4aaa-86ae-c9b995a70abe,023dbaa8-e0f3-40bf-83ec-89f521dd12c8,dc5dcc16-9120-43e3-ae7b-7e8360807705,,search,2026-07-20 09:51:18.647102,,,,,,,,,,,,,,,success,not_applicable,not_evaluated,,,/Users/helson/coding/cttq_work/数字员工drugget/evidence/023dbaa8-e0f3-40bf-83ec-89f521dd12c8/dc5dcc16-9120-43e3-ae7b-7e8360807705,a99420a96d784b0938e596327fb184a9ddebce8444bec0c2a12ae086eea3258a,opencli-1.8.6,"{""query"": ""托妥 瑞舒伐他汀钙片"", ""hits"": [{""platform"": ""taobao"", ""query"": ""托妥 瑞舒伐他汀钙片"", ""rank"": 1, ""title"": ""正大天晴 10mg*28片/盒 瑞舒伐他汀钙片"", ""url"": ""https://item.taobao.com/item.htm?id=613550172973"", ""product_id"": ""613550172973"", ""shop_name"": ""泉源堂大药房旗舰店"", ""list_price_raw"": ""¥18.5"", ""raw"": {""item_id"": ""613550172973"", ""location"": ""四川成都"", ""price"": ""¥18.5"", ""rank"": 1, ""sales"": ""78人付款"", ""shop"": ""泉源堂大药房旗舰店"", ""title"": ""正大天晴 10mg*28片/盒 瑞舒伐他汀钙片"", ""url"": ""https://item.taobao.com/item.htm?id=613550172973""}}, {""platform"": ""taobao"", ""query"": ""托妥 瑞舒伐他汀钙片"", ""rank"": 2, ""title"": ""新托妥 10mg*28片/盒 瑞舒伐他汀钙片"", ""url"": ""https://item.taobao.com/item.htm?id=648878452873"", ""product_id"": ""648878452873"", ""shop_name"": ""买过的店阿里健康大药房"", ""list_price_raw"": ""¥20.93"", ""raw"": {""item_id"": ""648878452873"", ""location"": ""江苏苏州"", ""price"": ""¥20.93"", ""rank"": 2, ""sales"": ""1万+人付款"", ""shop"": ""买过的店阿里健康大药房"", ""title"": ""新托妥 10mg*28片/盒 瑞舒伐他汀钙片"", ""url"": ""https://item.taobao.com/item.htm?id=648878452873""}}, {""platform"": ""taobao"", ""query"": ""托妥 瑞舒伐他汀钙片"", ""rank"": 3, ""title"": ""新托妥 10mg*14片/盒 瑞舒伐他汀钙片"", ""url"": ""https://item.taobao.com/item.htm?id=618203002365"", ""product_id"": ""618203002365"", ""shop_name"": ""买过的店阿里健康大药房"", ""list_price_raw"": ""¥10.9"", ""raw"": {""item_id"": ""618203002365"", ""location"": ""江苏苏州"", ""price"": ""¥10.9"", ""rank"": 3, ""sales"": ""400+人付款"", ""shop"": ""买过的店阿里健康大药房"", ""title"": ""新托妥 10mg*14片/盒 瑞舒伐他汀钙片"", ""url"": ""https://item.taobao.com/item.htm?id=618203002365""}}, {""platform"": ""taobao"", ""query"": ""托妥 瑞舒伐他汀钙片"", ""rank"": 4, ""title"": ""新托妥 10mg*48片/盒 瑞舒伐他汀钙片"", ""url"": ""https://item.taobao.com/item.htm?id=1062313753815"", ""product_id"": ""1062313753815"", ""shop_name"": ""善禾医药专营店"", ""list_price_raw"": ""¥22.25"", ""raw"": {""item_id"": ""1062313753815"", ""location"": ""安徽亳州"", ""price"": ""¥22.25"", ""rank"": 4, ""sales"": ""1人付款"", ""shop"": ""善禾医药专营店"", ""title"": ""新托妥 10mg*48片/盒 瑞舒伐他汀钙片"", ""url"": ""https://item.taobao.com/item.htm?id=1062313753815""}}, {""platform"": ""taobao"", ""query"": ""托妥 瑞舒伐他汀钙片"", ""rank"": 5, ""title"": ""新托妥 10mg*24片/盒 瑞舒伐他汀钙片"", ""url"": ""https://item.taobao.com/item.htm?id=1067586164493"", ""product_id"": ""1067586164493"", ""shop_name"": ""友和之家大药房旗舰店"", ""list_price_raw"": ""¥19.6"", ""raw"": {""item_id"": ""1067586164493"", ""location"": ""广东深圳"", ""price"": ""¥19.6"", ""rank"": 5, ""sales"": ""0人付款"", ""shop"": ""友和之家大药房旗舰店"", ""title"": ""新托妥 10mg*24片/盒 瑞舒伐他汀钙片"", ""url"": ""https://item.taobao.com/item.htm?id=1067586164493""}}, {""platform"": ""taobao"", ""query"": ""托妥 瑞舒伐他汀钙片"", ""rank"": 6, ""title"": ""新托妥 瑞舒伐他汀钙片 10mg*35片/盒"", ""url"": ""https://item.taobao.com/item.htm?id=1065932210217"", ""product_id"": ""1065932210217"", ""shop_name"": ""永泰大药房旗舰店"", ""list_price_raw"": ""¥22.4"", ""raw"": {""item_id"": ""1065932210217"", ""location"": ""江苏盐城"", ""price"": ""¥22.4"", ""rank"": 6, ""sales"": ""0人付款"", ""shop"": ""永泰大药房旗舰店"", ""title"": ""新托妥 瑞舒伐他汀钙片 10mg*35片/盒"", ""url"": ""https://item.taobao.com/item.htm?id=1065932210217""}}]}"
5bcd5655-bc97-443b-ae07-32201f6fb1b2,023dbaa8-e0f3-40bf-83ec-89f521dd12c8,442b82c9-62b3-4916-ac49-51d338a20189,,search,2026-07-20 09:52:01.986142,,,,,,,,,,,,,,,success,not_applicable,not_evaluated,,,/Users/helson/coding/cttq_work/数字员工drugget/evidence/023dbaa8-e0f3-40bf-83ec-89f521dd12c8/442b82c9-62b3-4916-ac49-51d338a20189,6755b1db80895246affc00ed5c24680f7436732b06b1d994d3f78e3549eba43a,opencli-1.8.6,"{""query"": ""托妥 瑞舒伐他汀钙片"", ""hits"": [{""platform"": ""yaoshibang"", ""query"": ""托妥 瑞舒伐他汀钙片"", ""rank"": 1, ""title"": ""10盒包邮 新托妥 瑞舒伐他汀钙片10mg*24片"", ""url"": ""https://dian.ysbang.cn/#/druginfo?wholesaleId=1295836770&providerId=4367"", ""product_id"": ""1295836770"", ""shop_name"": ""小君（今医师）"", ""list_price_raw"": ""12.89"", ""raw"": {""rank"": 1, ""title"": ""10盒包邮 新托妥 瑞舒伐他汀钙片10mg*24片"", ""price"": ""12.89"", ""spec"": ""10mg*24片"", ""shop"": ""小君（今医师）"", ""wholesale_id"": ""1295836770"", ""provider_id"": ""4367"", ""manufacturer"": ""南京正大天晴制药有限公司"", ""unit"": ""盒"", ""stock"": ""200"", ""url"": ""https://dian.ysbang.cn/#/druginfo?wholesaleId=1295836770&providerId=4367""}}, {""platform"": ""yaoshibang"", ""query"": ""托妥 瑞舒伐他汀钙片"", ""rank"": 2, ""title"": ""1盒起购 新托妥 瑞舒伐他汀钙片10mg*24片"", ""url"": ""https://dian.ysbang.cn/#/druginfo?wholesaleId=13258130&providerId=1541"", ""product_id"": ""13258130"", ""shop_name"": ""扬帆旗舰店"", ""list_price_raw"": ""13.76"", ""raw"": {""rank"": 2, ""title"": ""1盒起购 新托妥 瑞舒伐他汀钙片10mg*24片"", ""price"": ""13.76"", ""spec"": ""10mg*24片"", ""shop"": ""扬帆旗舰店"", ""wholesale_id"": ""13258130"", ""provider_id"": ""1541"", ""manufacturer"": ""南京正大天晴制药有限公司"", ""unit"": ""盒"", ""stock"": ""78"", ""url"": ""https://dian.ysbang.cn/#/druginfo?wholesaleId=13258130&providerId=1541""}}, {""platform"": ""yaoshibang"", ""query"": ""托妥 瑞舒伐他汀钙片"", ""rank"": 3, ""title"": ""20盒包邮 新托妥 瑞舒伐他汀钙片10mg*24片"", ""url"": ""https://dian.ysbang.cn/#/druginfo?wholesaleId=1297521841&providerId=10970"", ""product_id"": ""1297521841"", ""shop_name"": ""宏誉堂"", ""list_price_raw"": ""12.74"", ""raw"": {""rank"": 3, ""title"": ""20盒包邮 新托妥 瑞舒伐他汀钙片10mg*24片"", ""price"": ""12.74"", ""spec"": ""10mg*24片"", ""shop"": ""宏誉堂"", ""wholesale_id"": ""1297521841"", ""provider_id"": ""10970"", ""manufacturer"": ""南京正大天晴制药有限公司"", ""unit"": ""盒"", ""stock"": ""600"", ""url"": ""https://dian.ysbang.cn/#/druginfo?wholesaleId=1297521841&providerId=10970""}}, {""platform"": ""yaoshibang"", ""query"": ""托妥 瑞舒伐他汀钙片"", ""rank"": 4, ""title"": ""1盒起购 新托妥 瑞舒伐他汀钙片10mg*24片"", ""url"": ""https://dian.ysbang.cn/#/druginfo?wholesaleId=243790193&providerId=10926"", ""product_id"": ""243790193"", ""shop_name"": ""至远旗舰店"", ""list_price_raw"": ""13.30"", ""raw"": {""rank"": 4, ""title"": ""1盒起购 新托妥 瑞舒伐他汀钙片10mg*24片"", ""price"": ""13.30"", ""spec"": ""10mg*24片"", ""shop"": ""至远旗舰店"", ""wholesale_id"": ""243790193"", ""provider_id"": ""10926"", ""manufacturer"": ""南京正大天晴制药有限公司"", ""unit"": ""盒"", ""stock"": ""3376"", ""url"": ""https://dian.ysbang.cn/#/druginfo?wholesaleId=243790193&providerId=10926""}}, {""platform"": ""yaoshibang"", ""query"": ""托妥 瑞舒伐他汀钙片"", ""rank"": 5, ""title"": ""20盒包邮 新托妥 瑞舒伐他汀钙片10mg*24片"", ""url"": ""https://dian.ysbang.cn/#/druginfo?wholesaleId=1297514147&providerId=4238"", ""product_id"": ""1297514147"", ""shop_name"": ""新佰伴"", ""list_price_raw"": ""12.87"", ""raw"": {""rank"": 5, ""title"": ""20盒包邮 新托妥 瑞舒伐他汀钙片10mg*24片"", ""price"": ""12.87"", ""spec"": ""10mg*24片"", ""shop"": ""新佰伴"", ""wholesale_id"": ""1297514147"", ""provider_id"": ""4238"", ""manufacturer"": ""南京正大天晴制药有限公司"", ""unit"": ""盒"", ""stock"": ""20"", ""url"": ""https://dian.ysbang.cn/#/druginfo?wholesaleId=1297514147&providerId=4238""}}, {""platform"": ""yaoshibang"", ""query"": ""托妥 瑞舒伐他汀钙片"", ""rank"": 6, ""title"": ""10盒包邮 新托妥 瑞舒伐他汀钙片10mg*24片"", ""url"": ""https://dian.ysbang.cn/#/druginfo?wholesaleId=1297440317&providerId=5762"", ""product_id"": ""1297440317"", ""shop_name"": ""药惠好"", ""list_price_raw"": ""13.20"", ""raw"": {""rank"": 6, ""title"": ""10盒包邮 新托妥 瑞舒伐他汀钙片10mg*24片"", ""price"": ""13.20"", ""spec"": ""10mg*24片"", ""shop"": ""药惠好"", ""wholesale_id"": ""1297440317"", ""provider_id"": ""5762"", ""manufacturer"": ""南京正大天晴制药有限公司"", ""unit"": ""盒"", ""stock"": ""200"", ""url"": ""https://dian.ysbang.cn/#/druginfo?wholesaleId=1297440317&providerId=5762""}}, {""platform"": ""yaoshibang"", ""query"": ""托妥 瑞舒伐他汀钙片"", ""rank"": 7, ""title"": ""30盒包邮 新托妥 瑞舒伐他汀钙片10mg*24片"", ""url"": ""https://dian.ysbang.cn/#/druginfo?wholesaleId=1295836768&providerId=4788"", ""product_id"": ""1295836768"", ""shop_name"": ""药店品种预约中心"", ""list_price_raw"": ""12.89"", ""raw"": {""rank"": 7, ""title"": ""30盒包邮 新托妥 瑞舒伐他汀钙片10mg*24片"", ""price"": ""12.89"", ""spec"": ""10mg*24片"", ""shop"": ""药店品种预约中心"", ""wholesale_id"": ""1295836768"", ""provider_id"": ""4788"", ""manufacturer"": ""南京正大天晴制药有限公司"", ""unit"": ""盒"", ""stock"": ""200"", ""url"": ""https://dian.ysbang.cn/#/druginfo?wholesaleId=1295836768&providerId=4788""}}, {""platform"": ""yaoshibang"", ""query"": ""托妥 瑞舒伐他汀钙片"", ""rank"": 8, ""title"": ""30盒包邮 新托妥 瑞舒伐他汀钙片10mg*24片"", ""url"": ""https://dian.ysbang.cn/#/druginfo?wholesaleId=1295836771&providerId=3511"", ""product_id"": ""1295836771"", ""shop_name"": ""森涛"", ""list_price_raw"": ""12.89"", ""raw"": {""rank"": 8, ""title"": ""30盒包邮 新托妥 瑞舒伐他汀钙片10mg*24片"", ""price"": ""12.89"", ""spec"": ""10mg*24片"", ""shop"": ""森涛"", ""wholesale_id"": ""1295836771"", ""provider_id"": ""3511"", ""manufacturer"": ""南京正大天晴制药有限公司"", ""unit"": ""盒"", ""stock"": ""1380"", ""url"": ""https://dian.ysbang.cn/#/druginfo?wholesaleId=1295836771&providerId=3511""}}, {""platform"": ""yaoshibang"", ""query"": ""托妥 瑞舒伐他汀钙片"", ""rank"": 9, ""title"": ""20盒包邮 新托妥 瑞舒伐他汀钙片10mg*24片"", ""url"": ""https://dian.ysbang.cn/#/druginfo?wholesaleId=1295836772&providerId=4788"", ""product_id"": ""1295836772"", ""shop_name"": ""药店品种预约中心"", ""list_price_raw"": ""12.89"", ""raw"": {""rank"": 9, ""title"": ""20盒包邮 新托妥 瑞舒伐他汀钙片10mg*24片"", ""price"": ""12.89"", ""spec"": ""10mg*24片"", ""shop"": ""药店品种预约中心"", ""wholesale_id"": ""1295836772"", ""provider_id"": ""4788"", ""manufacturer"": ""南京正大天晴制药有限公司"", ""unit"": ""盒"", ""stock"": ""600"", ""url"": ""https://dian.ysbang.cn/#/druginfo?wholesaleId=1295836772&providerId=4788""}}, {""platform"": ""yaoshibang"", ""query"": ""托妥 瑞舒伐他汀钙片"", ""rank"": 10, ""title"": ""20盒包邮 新托妥 瑞舒伐他汀钙片10mg*24片"", ""url"": ""https://dian.ysbang.cn/#/druginfo?wholesaleId=1257579061&providerId=2641"", ""product_id"": ""1257579061"", ""shop_name"": ""世济药"", ""list_price_raw"": ""13.20"", ""raw"": {""rank"": 10, ""title"": ""20盒包邮 新托妥 瑞舒伐他汀钙片10mg*24片"", ""price"": ""13.20"", ""spec"": ""10mg*24片"", ""shop"": ""世济药"", ""wholesale_id"": ""1257579061"", ""provider_id"": ""2641"", ""manufacturer"": ""南京正大天晴制药有限公司"", ""unit"": ""盒"", ""stock"": ""89"", ""url"": ""https://dian.ysbang.cn/#/druginfo?wholesaleId=1257579061&providerId=2641""}}, {""platform"": ""yaoshibang"", ""query"": ""托妥 瑞舒伐他汀钙片"", ""rank"": 11, ""title"": ""23盒包邮 新托妥 瑞舒伐他汀钙片10mg*24片"", ""url"": ""https://dian.ysbang.cn/#/druginfo?wholesaleId=1294687087&providerId=4088"", ""product_id"": ""1294687087"", ""shop_name"": ""乐兴医药"", ""list_price_raw"": ""13.17"", ""raw"": {""rank"": 11, ""title"": ""23盒包邮 新托妥 瑞舒伐他汀钙片10mg*24片"", ""price"": ""13.17"", ""spec"": ""10mg*24片"", ""shop"": ""乐兴医药"", ""wholesale_id"": ""1294687087"", ""provider_id"": ""4088"", ""manufacturer"": ""南京正大天晴制药有限公司"", ""unit"": ""盒"", ""stock"": ""259"", ""url"": ""https://dian.ysbang.cn/#/druginfo?wholesaleId=1294687087&providerId=4088""}}, {""platform"": ""yaoshibang"", ""query"": ""托妥 瑞舒伐他汀钙片"", ""rank"": 12, ""title"": ""10盒包邮 新托妥 瑞舒伐他汀钙片10mg*28片"", ""url"": ""https://dian.ysbang.cn/#/druginfo?wholesaleId=1281814884&providerId=4788"", ""product_id"": ""1281814884"", ""shop_name"": ""药店品种预约中心"", ""list_price_raw"": ""16.40"", ""raw"": {""rank"": 12, ""title"": ""10盒包邮 新托妥 瑞舒伐他汀钙片10mg*28片"", ""price"": ""16.40"", ""spec"": ""10mg*28片"", ""shop"": ""药店品种预约中心"", ""wholesale_id"": ""1281814884"", ""provider_id"": ""4788"", ""manufacturer"": ""南京正大天晴制药有限公司"", ""unit"": ""盒"", ""stock"": ""40"", ""url"": ""https://dian.ysbang.cn/#/druginfo?wholesaleId=1281814884&providerId=4788""}}, {""platform"": ""yaoshibang"", ""query"": ""托妥 瑞舒伐他汀钙片"", ""rank"": 13, ""title"": ""19盒包邮 新托妥 瑞舒伐他汀钙片10mg*28片"", ""url"": ""https://dian.ysbang.cn/#/druginfo?wholesaleId=1142454120&providerId=493"", ""product_id"": ""1142454120"", ""shop_name"": ""宏洲旗舰店"", ""list_price_raw"": ""15.94"", ""raw"": {""rank"": 13, ""title"": ""19盒包邮 新托妥 瑞舒伐他汀钙片10mg*28片"", ""price"": ""15.94"", ""spec"": ""10mg*28片"", ""shop"": ""宏洲旗舰店"", ""wholesale_id"": ""1142454120"", ""provider_id"": ""493"", ""manufacturer"": ""南京正大天晴制药有限公司"", ""unit"": ""盒"", ""stock"": ""311"", ""url"": ""https://dian.ysbang.cn/#/druginfo?wholesaleId=1142454120&providerId=493""}}, {""platform"": ""yaoshibang"", ""query"": ""托妥 瑞舒伐他汀钙片"", ""rank"": 14, ""title"": ""10盒包邮 新托妥 瑞舒伐他汀钙片10mg*24片"", ""url"": ""https://dian.ysbang.cn/#/druginfo?wholesaleId=1174879832&providerId=16506"", ""product_id"": ""1174879832"", ""shop_name"": ""融泰重庆"", ""list_price_raw"": ""13.60"", ""raw"": {""rank"": 14, ""title"": ""10盒包邮 新托妥 瑞舒伐他汀钙片10mg*24片"", ""price"": ""13.60"", ""spec"": ""10mg*24片"", ""shop"": ""融泰重庆"", ""wholesale_id"": ""1174879832"", ""provider_id"": ""16506"", ""manufacturer"": ""南京正大天晴制药有限公司"", ""unit"": ""盒"", ""stock"": ""329"", ""url"": ""https://dian.ysbang.cn/#/druginfo?wholesaleId=1174879832&providerId=16506""}}, {""platform"": ""yaoshibang"", ""query"": ""托妥 瑞舒伐他汀钙片"", ""rank"": 15, ""title"": ""1盒起购 南京正大 新托妥  瑞舒伐他汀钙片10mg*28片"", ""url"": ""https://dian.ysbang.cn/#/druginfo?wholesaleId=26338186&providerId=3047"", ""product_id"": ""26338186"", ""shop_name"": ""眉山圣丹"", ""list_price_raw"": ""16.55"", ""raw"": {""rank"": 15, ""title"": ""1盒起购 南京正大 新托妥  瑞舒伐他汀钙片10mg*28片"", ""price"": ""16.55"", ""spec"": ""10mg*28片"", ""shop"": ""眉山圣丹"", ""wholesale_id"": ""26338186"", ""provider_id"": ""3047"", ""manufacturer"": ""南京正大天晴制药有限公司"", ""unit"": ""盒"", ""stock"": ""81"", ""url"": ""https://dian.ysbang.cn/#/druginfo?wholesaleId=26338186&providerId=3047""}}, {""platform"": ""yaoshibang"", ""query"": ""托妥 瑞舒伐他汀钙片"", ""rank"": 16, ""title"": ""10盒包邮 新托妥 瑞舒伐他汀钙片10mg*24片"", ""url"": ""https://dian.ysbang.cn/#/druginfo?wholesaleId=1185305865&providerId=8363"", ""product_id"": ""1185305865"", ""shop_name"": ""丹光医药"", ""list_price_raw"": ""13.45"", ""raw"": {""rank"": 16, ""title"": ""10盒包邮 新托妥 瑞舒伐他汀钙片10mg*24片"", ""price"": ""13.45"", ""spec"": ""10mg*24片"", ""shop"": ""丹光医药"", ""wholesale_id"": ""1185305865"", ""provider_id"": ""8363"", ""manufacturer"": ""南京正大天晴制药有限公司"", ""unit"": ""盒"", ""stock"": ""50"", ""url"": ""https://dian.ysbang.cn/#/druginfo?wholesaleId=1185305865&providerId=8363""}}, {""platform"": ""yaoshibang"", ""query"": ""托妥 瑞舒伐他汀钙片"", ""rank"": 17, ""title"": ""1盒起购 南京正大 新托妥  瑞舒伐他汀钙片10mg*28片"", ""url"": ""https://dian.ysbang.cn/#/druginfo?wholesaleId=11442113&providerId=3406"", ""product_id"": ""11442113"", ""shop_name"": ""药通宝丹桂园"", ""list_price_raw"": ""16.60"", ""raw"": {""rank"": 17, ""title"": ""1盒起购 南京正大 新托妥  瑞舒伐他汀钙片10mg*28片"", ""price"": ""16.60"", ""spec"": ""10mg*28片"", ""shop"": ""药通宝丹桂园"", ""wholesale_id"": ""11442113"", ""provider_id"": ""3406"", ""manufacturer"": ""南京正大天晴制药有限公司"", ""unit"": ""盒"", ""stock"": ""42"", ""url"": ""https://dian.ysbang.cn/#/druginfo?wholesaleId=11442113&providerId=3406""}}, {""platform"": ""yaoshibang"", ""query"": ""托妥 瑞舒伐他汀钙片"", ""rank"": 18, ""title"": ""23盒包邮 新托妥 瑞舒伐他汀钙片10mg*24片"", ""url"": ""https://dian.ysbang.cn/#/druginfo?wholesaleId=1295009724&providerId=12579"", ""product_id"": ""1295009724"", ""shop_name"": ""大聪明"", ""list_price_raw"": ""13.30"", ""raw"": {""rank"": 18, ""title"": ""23盒包邮 新托妥 瑞舒伐他汀钙片10mg*24片"", ""price"": ""13.30"", ""spec"": ""10mg*24片"", ""shop"": ""大聪明"", ""wholesale_id"": ""1295009724"", ""provider_id"": ""12579"", ""manufacturer"": ""南京正大天晴制药有限公司"", ""unit"": ""盒"", ""stock"": ""710"", ""url"": ""https://dian.ysbang.cn/#/druginfo?wholesaleId=1295009724&providerId=12579""}}, {""platform"": ""yaoshibang"", ""query"": ""托妥 瑞舒伐他汀钙片"", ""rank"": 19, ""title"": ""15盒包邮 新托妥 瑞舒伐他汀钙片10mg*24片"", ""url"": ""https://dian.ysbang.cn/#/druginfo?wholesaleId=1289240645&providerId=831"", ""product_id"": ""1289240645"", ""shop_name"": ""泓坤旗舰店"", ""list_price_raw"": ""13.58"", ""raw"": {""rank"": 19, ""title"": ""15盒包邮 新托妥 瑞舒伐他汀钙片10mg*24片"", ""price"": ""13.58"", ""spec"": ""10mg*24片"", ""shop"": ""泓坤旗舰店"", ""wholesale_id"": ""1289240645"", ""provider_id"": ""831"", ""manufacturer"": ""南京正大天晴制药有限公司"", ""unit"": ""盒"", ""stock"": ""45"", ""url"": ""https://dian.ysbang.cn/#/druginfo?wholesaleId=1289240645&providerId=831""}}, {""platform"": ""yaoshibang"", ""query"": ""托妥 瑞舒伐他汀钙片"", ""rank"": 20, ""title"": ""1盒起购 南京正大 新托妥  瑞舒伐他汀钙片10mg*28片"", ""url"": ""https://dian.ysbang.cn/#/druginfo?wholesaleId=23832682&providerId=3585"", ""product_id"": ""23832682"", ""shop_name"": ""鑫鑫鑫"", ""list_price_raw"": ""15.95"", ""raw"": {""rank"": 20, ""title"": ""1盒起购 南京正大 新托妥  瑞舒伐他汀钙片10mg*28片"", ""price"": ""15.95"", ""spec"": ""10mg*28片"", ""shop"": ""鑫鑫鑫"", ""wholesale_id"": ""23832682"", ""provider_id"": ""3585"", ""manufacturer"": ""南京正大天晴制药有限公司"", ""unit"": ""盒"", ""stock"": ""200"", ""url"": ""https://dian.ysbang.cn/#/druginfo?wholesaleId=23832682&providerId=3585""}}]}"
21ccbbe6-690f-477e-9269-3a9744d99ee1,023dbaa8-e0f3-40bf-83ec-89f521dd12c8,53a58114-04ad-4aa6-80c4-d8166260790d,,search,2026-07-20 09:52:47.807829,,,,,,,,,,,,,,,success,not_applicable,not_evaluated,,,/Users/helson/coding/cttq_work/数字员工drugget/evidence/023dbaa8-e0f3-40bf-83ec-89f521dd12c8/53a58114-04ad-4aa6-80c4-d8166260790d,e9b5200f88ae5a348c19d03474532f30ed6848eeab5f806545a844a1a26ad7b9,opencli-1.8.6,"{""query"": ""依伦平 厄贝沙坦氢氯噻嗪片"", ""hits"": [{""platform"": ""yaoshibang"", ""query"": ""依伦平 厄贝沙坦氢氯噻嗪片"", ""rank"": 1, ""title"": ""10盒包邮 依伦平 厄贝沙坦氢氯噻嗪片150mg:12.5mg*28片"", ""url"": ""https://dian.ysbang.cn/#/druginfo?wholesaleId=469996877&providerId=4788"", ""product_id"": ""469996877"", ""shop_name"": ""药店品种预约中心"", ""list_price_raw"": ""22.70"", ""raw"": {""rank"": 1, ""title"": ""10盒包邮 依伦平 厄贝沙坦氢氯噻嗪片150mg:12.5mg*28片"", ""price"": ""22.70"", ""spec"": ""150mg:12.5mg*28片"", ""shop"": ""药店品种预约中心"", ""wholesale_id"": ""469996877"", ""provider_id"": ""4788"", ""manufacturer"": ""南京正大天晴制药有限公司"", ""unit"": ""盒"", ""stock"": ""56"", ""url"": ""https://dian.ysbang.cn/#/druginfo?wholesaleId=469996877&providerId=4788""}}, {""platform"": ""yaoshibang"", ""query"": ""依伦平 厄贝沙坦氢氯噻嗪片"", ""rank"": 2, ""title"": ""10盒包邮 依伦平 厄贝沙坦氢氯噻嗪片150mg:12.5mg*28片"", ""url"": ""https://dian.ysbang.cn/#/druginfo?wholesaleId=1293002858&providerId=3178"", ""product_id"": ""1293002858"", ""shop_name"": ""乐宇旗舰店"", ""list_price_raw"": ""22.95"", ""raw"": {""rank"": 2, ""title"": ""10盒包邮 依伦平 厄贝沙坦氢氯噻嗪片150mg:12.5mg*28片"", ""price"": ""22.95"", ""spec"": ""150mg:12.5mg*28片"", ""shop"": ""乐宇旗舰店"", ""wholesale_id"": ""1293002858"", ""provider_id"": ""3178"", ""manufacturer"": ""南京正大天晴制药有限公司"", ""unit"": ""盒"", ""stock"": ""31"", ""url"": ""https://dian.ysbang.cn/#/druginfo?wholesaleId=1293002858&providerId=3178""}}, {""platform"": ""yaoshibang"", ""query"": ""依伦平 厄贝沙坦氢氯噻嗪片"", ""rank"": 3, ""title"": ""10盒包邮 依伦平 厄贝沙坦氢氯噻嗪片150mg:12.5mg*28片"", ""url"": ""https://dian.ysbang.cn/#/druginfo?wholesaleId=162440543&providerId=4788"", ""product_id"": ""162440543"", ""shop_name"": ""药店品种预约中心"", ""list_price_raw"": ""22.89"", ""raw"": {""rank"": 3, ""title"": ""10盒包邮 依伦平 厄贝沙坦氢氯噻嗪片150mg:12.5mg*28片"", ""price"": ""22.89"", ""spec"": ""150mg:12.5mg*28片"", ""shop"": ""药店品种预约中心"", ""wholesale_id"": ""162440543"", ""provider_id"": ""4788"", ""manufacturer"": ""南京正大天晴制药有限公司"", ""unit"": ""盒"", ""stock"": ""39"", ""url"": ""https://dian.ysbang.cn/#/druginfo?wholesaleId=162440543&providerId=4788""}}, {""platform"": ""yaoshibang"", ""query"": ""依伦平 厄贝沙坦氢氯噻嗪片"", ""rank"": 4, ""title"": ""20盒包邮 依伦平 厄贝沙坦氢氯噻嗪片150mg:12.5mg*28片"", ""url"": ""https://dian.ysbang.cn/#/druginfo?wholesaleId=627796448&providerId=4788"", ""product_id"": ""627796448"", ""shop_name"": ""药店品种预约中心"", ""list_price_raw"": ""22.99"", ""raw"": {""rank"": 4, ""title"": ""20盒包邮 依伦平 厄贝沙坦氢氯噻嗪片150mg:12.5mg*28片"", ""price"": ""22.99"", ""spec"": ""150mg:12.5mg*28片"", ""shop"": ""药店品种预约中心"", ""wholesale_id"": ""627796448"", ""provider_id"": ""4788"", ""manufacturer"": ""南京正大天晴制药有限公司"", ""unit"": ""盒"", ""stock"": ""20"", ""url"": ""https://dian.ysbang.cn/#/druginfo?wholesaleId=627796448&providerId=4788""}}, {""platform"": ""yaoshibang"", ""query"": ""依伦平 厄贝沙坦氢氯噻嗪片"", ""rank"": 5, ""title"": ""12盒包邮 依伦平 厄贝沙坦氢氯噻嗪片150mg:12.5mg*14片*2板"", ""url"": ""https://dian.ysbang.cn/#/druginfo?wholesaleId=924588357&providerId=4788"", ""product_id"": ""924588357"", ""shop_name"": ""药店品种预约中心"", ""list_price_raw"": ""22.70"", ""raw"": {""rank"": 5, ""title"": ""12盒包邮 依伦平 厄贝沙坦氢氯噻嗪片150mg:12.5mg*14片*2板"", ""price"": ""22.70"", ""spec"": ""150mg:12.5mg*14片*2板"", ""shop"": ""药店品种预约中心"", ""wholesale_id"": ""924588357"", ""provider_id"": ""4788"", ""manufacturer"": ""南京正大天晴制药有限公司"", ""unit"": ""盒"", ""stock"": ""100"", ""url"": ""https://dian.ysbang.cn/#/druginfo?wholesaleId=924588357&providerId=4788""}}, {""platform"": ""yaoshibang"", ""query"": ""依伦平 厄贝沙坦氢氯噻嗪片"", ""rank"": 6, ""title"": ""1盒起购 依伦平 厄贝沙坦氢氯噻嗪片150mg:12.5mg*28片"", ""url"": ""https://dian.ysbang.cn/#/druginfo?wholesaleId=709032853&providerId=655"", ""product_id"": ""709032853"", ""shop_name"": ""聚优汇"", ""list_price_raw"": ""23.66"", ""raw"": {""rank"": 6, ""title"": ""1盒起购 依伦平 厄贝沙坦氢氯噻嗪片150mg:12.5mg*28片"", ""price"": ""23.66"", ""spec"": ""150mg:12.5mg*28片"", ""shop"": ""聚优汇"", ""wholesale_id"": ""709032853"", ""provider_id"": ""655"", ""manufacturer"": ""南京正大天晴制药有限公司"", ""unit"": ""盒"", ""stock"": ""46"", ""url"": ""https://dian.ysbang.cn/#/druginfo?wholesaleId=709032853&providerId=655""}}, {""platform"": ""yaoshibang"", ""query"": ""依伦平 厄贝沙坦氢氯噻嗪片"", ""rank"": 7, ""title"": ""10盒包邮 依伦平 厄贝沙坦氢氯噻嗪片150mg:12.5mg*28片"", ""url"": ""https://dian.ysbang.cn/#/druginfo?wholesaleId=1219757277&providerId=4812"", ""product_id"": ""1219757277"", ""shop_name"": ""药灵阁"", ""list_price_raw"": ""23.20"", ""raw"": {""rank"": 7, ""title"": ""10盒包邮 依伦平 厄贝沙坦氢氯噻嗪片150mg:12.5mg*28片"", ""price"": ""23.20"", ""spec"": ""150mg:12.5mg*28片"", ""shop"": ""药灵阁"", ""wholesale_id"": ""1219757277"", ""provider_id"": ""4812"", ""manufacturer"": ""南京正大天晴制药有限公司"", ""unit"": ""盒"", ""stock"": ""285"", ""url"": ""https://dian.ysbang.cn/#/druginfo?wholesaleId=1219757277&providerId=4812""}}, {""platform"": ""yaoshibang"", ""query"": ""依伦平 厄贝沙坦氢氯噻嗪片"", ""rank"": 8, ""title"": ""1盒起购 依伦平 厄贝沙坦氢氯噻嗪片150mg:12.5mg*28片"", ""url"": ""https://dian.ysbang.cn/#/druginfo?wholesaleId=1121976664&providerId=23037"", ""product_id"": ""1121976664"", ""shop_name"": ""药优捷"", ""list_price_raw"": ""23.80"", ""raw"": {""rank"": 8, ""title"": ""1盒起购 依伦平 厄贝沙坦氢氯噻嗪片150mg:12.5mg*28片"", ""price"": ""23.80"", ""spec"": ""150mg:12.5mg*28片"", ""shop"": ""药优捷"", ""wholesale_id"": ""1121976664"", ""provider_id"": ""23037"", ""manufacturer"": ""南京正大天晴制药有限公司"", ""unit"": ""盒"", ""stock"": ""3848"", ""url"": ""https://dian.ysbang.cn/#/druginfo?wholesaleId=1121976664&providerId=23037""}}, {""platform"": ""yaoshibang"", ""query"": ""依伦平 厄贝沙坦氢氯噻嗪片"", ""rank"": 9, ""title"": ""1盒起购 依伦平 厄贝沙坦氢氯噻嗪片150mg:12.5mg*28片"", ""url"": ""https://dian.ysbang.cn/#/druginfo?wholesaleId=487704558&providerId=10867"", ""product_id"": ""487704558"", ""shop_name"": ""福建中源"", ""list_price_raw"": ""24.00"", ""raw"": {""rank"": 9, ""title"": ""1盒起购 依伦平 厄贝沙坦氢氯噻嗪片150mg:12.5mg*28片"", ""price"": ""24.00"", ""spec"": ""150mg:12.5mg*28片"", ""shop"": ""福建中源"", ""wholesale_id"": ""487704558"", ""provider_id"": ""10867"", ""manufacturer"": ""南京正大天晴制药有限公司"", ""unit"": ""盒"", ""stock"": ""207"", ""url"": ""https://dian.ysbang.cn/#/druginfo?wholesaleId=487704558&providerId=10867""}}, {""platform"": ""yaoshibang"", ""query"": ""依伦平 厄贝沙坦氢氯噻嗪片"", ""rank"": 10, ""title"": ""10盒包邮 依伦平 厄贝沙坦氢氯噻嗪片150mg:12.5mg*28片"", ""url"": ""https://dian.ysbang.cn/#/druginfo?wholesaleId=154092458&providerId=823"", ""product_id"": ""154092458"", ""shop_name"": ""天慈健"", ""list_price_raw"": ""24.31"", ""raw"": {""rank"": 10, ""title"": ""10盒包邮 依伦平 厄贝沙坦氢氯噻嗪片150mg:12.5mg*28片"", ""price"": ""24.31"", ""spec"": ""150mg:12.5mg*28片"", ""shop"": ""天慈健"", ""wholesale_id"": ""154092458"", ""provider_id"": ""823"", ""manufacturer"": ""南京正大天晴制药有限公司"", ""unit"": ""盒"", ""stock"": ""200"", ""url"": ""https://dian.ysbang.cn/#/druginfo?wholesaleId=154092458&providerId=823""}}, {""platform"": ""yaoshibang"", ""query"": ""依伦平 厄贝沙坦氢氯噻嗪片"", ""rank"": 11, ""title"": ""11盒包邮 依伦平 厄贝沙坦氢氯噻嗪片150mg:12.5mg*28片"", ""url"": ""https://dian.ysbang.cn/#/druginfo?wholesaleId=1289239503&providerId=831"", ""product_id"": ""1289239503"", ""shop_name"": ""泓坤旗舰店"", ""list_price_raw"": ""23.03"", ""raw"": {""rank"": 11, ""title"": ""11盒包邮 依伦平 厄贝沙坦氢氯噻嗪片150mg:12.5mg*28片"", ""price"": ""23.03"", ""spec"": ""150mg:12.5mg*28片"", ""shop"": ""泓坤旗舰店"", ""wholesale_id"": ""1289239503"", ""provider_id"": ""831"", ""manufacturer"": ""南京正大天晴制药有限公司"", ""unit"": ""盒"", ""stock"": ""33"", ""url"": ""https://dian.ysbang.cn/#/druginfo?wholesaleId=1289239503&providerId=831""}}, {""platform"": ""yaoshibang"", ""query"": ""依伦平 厄贝沙坦氢氯噻嗪片"", ""rank"": 12, ""title"": ""10盒包邮 依伦平 厄贝沙坦氢氯噻嗪片150mg:12.5mg*28片"", ""url"": ""https://dian.ysbang.cn/#/druginfo?wholesaleId=187196315&providerId=1088"", ""product_id"": ""187196315"", ""shop_name"": ""瑞施"", ""list_price_raw"": ""23.60"", ""raw"": {""rank"": 12, ""title"": ""10盒包邮 依伦平 厄贝沙坦氢氯噻嗪片150mg:12.5mg*28片"", ""price"": ""23.60"", ""spec"": ""150mg:12.5mg*28片"", ""shop"": ""瑞施"", ""wholesale_id"": ""187196315"", ""provider_id"": ""1088"", ""manufacturer"": ""南京正大天晴制药有限公司"", ""unit"": ""盒"", ""stock"": ""143"", ""url"": ""https://dian.ysbang.cn/#/druginfo?wholesaleId=187196315&providerId=1088""}}, {""platform"": ""yaoshibang"", ""query"": ""依伦平 厄贝沙坦氢氯噻嗪片"", ""rank"": 13, ""title"": ""6盒包邮 依伦平 厄贝沙坦氢氯噻嗪片150mg:12.5mg*28片"", ""url"": ""https://dian.ysbang.cn/#/druginfo?wholesaleId=1296182633&providerId=15376"", ""product_id"": ""1296182633"", ""shop_name"": ""全药集"", ""list_price_raw"": ""23.54"", ""raw"": {""rank"": 13, ""title"": ""6盒包邮 依伦平 厄贝沙坦氢氯噻嗪片150mg:12.5mg*28片"", ""price"": ""23.54"", ""spec"": ""150mg:12.5mg*28片"", ""shop"": ""全药集"", ""wholesale_id"": ""1296182633"", ""provider_id"": ""15376"", ""manufacturer"": ""南京正大天晴制药有限公司"", ""unit"": ""盒"", ""stock"": ""6"", ""url"": ""https://dian.ysbang.cn/#/druginfo?wholesaleId=1296182633&providerId=15376""}}, {""platform"": ""yaoshibang"", ""query"": ""依伦平 厄贝沙坦氢氯噻嗪片"", ""rank"": 14, ""title"": ""10盒包邮 依伦平 厄贝沙坦氢氯噻嗪片150mg:12.5mg*28片"", ""url"": ""https://dian.ysbang.cn/#/druginfo?wholesaleId=530763882&providerId=4385"", ""product_id"": ""530763882"", ""shop_name"": ""德盛兴"", ""list_price_raw"": ""24.00"", ""raw"": {""rank"": 14, ""title"": ""10盒包邮 依伦平 厄贝沙坦氢氯噻嗪片150mg:12.5mg*28片"", ""price"": ""24.00"", ""spec"": ""150mg:12.5mg*28片"", ""shop"": ""德盛兴"", ""wholesale_id"": ""530763882"", ""provider_id"": ""4385"", ""manufacturer"": ""南京正大天晴制药有限公司"", ""unit"": ""盒"", ""stock"": ""70"", ""url"": ""https://dian.ysbang.cn/#/druginfo?wholesaleId=530763882&providerId=4385""}}, {""platform"": ""yaoshibang"", ""query"": ""依伦平 厄贝沙坦氢氯噻嗪片"", ""rank"": 15, ""title"": ""1盒起购 依伦平 厄贝沙坦氢氯噻嗪片150mg:12.5mg*14片*2板"", ""url"": ""https://dian.ysbang.cn/#/druginfo?wholesaleId=1061970854&providerId=8889"", ""product_id"": ""1061970854"", ""shop_name"": ""众佳康"", ""list_price_raw"": ""25.46"", ""raw"": {""rank"": 15, ""title"": ""1盒起购 依伦平 厄贝沙坦氢氯噻嗪片150mg:12.5mg*14片*2板"", ""price"": ""25.46"", ""spec"": ""150mg:12.5mg*14片*2板"", ""shop"": ""众佳康"", ""wholesale_id"": ""1061970854"", ""provider_id"": ""8889"", ""manufacturer"": ""南京正大天晴制药有限公司"", ""unit"": ""盒"", ""stock"": ""26"", ""url"": ""https://dian.ysbang.cn/#/druginfo?wholesaleId=1061970854&providerId=8889""}}, {""platform"": ""yaoshibang"", ""query"": ""依伦平 厄贝沙坦氢氯噻嗪片"", ""rank"": 16, ""title"": ""9盒包邮 依伦平 厄贝沙坦氢氯噻嗪片150mg:12.5mg*28片"", ""url"": ""https://dian.ysbang.cn/#/druginfo?wholesaleId=920409516&providerId=11080"", ""product_id"": ""920409516"", ""shop_name"": ""鑫鑫医药"", ""list_price_raw"": ""25.10"", ""raw"": {""rank"": 16, ""title"": ""9盒包邮 依伦平 厄贝沙坦氢氯噻嗪片150mg:12.5mg*28片"", ""price"": ""25.10"", ""spec"": ""150mg:12.5mg*28片"", ""shop"": ""鑫鑫医药"", ""wholesale_id"": ""920409516"", ""provider_id"": ""11080"", ""manufacturer"": ""南京正大天晴制药有限公司"", ""unit"": ""盒"", ""stock"": ""144"", ""url"": ""https://dian.ysbang.cn/#/druginfo?wholesaleId=920409516&providerId=11080""}}, {""platform"": ""yaoshibang"", ""query"": ""依伦平 厄贝沙坦氢氯噻嗪片"", ""rank"": 17, ""title"": ""30盒起购 依伦平 厄贝沙坦氢氯噻嗪片150mg:12.5mg*14片*2板"", ""url"": ""https://dian.ysbang.cn/#/druginfo?wholesaleId=1240471873&providerId=5018"", ""product_id"": ""1240471873"", ""shop_name"": ""安徽天宁医药"", ""list_price_raw"": ""24.80"", ""raw"": {""rank"": 17, ""title"": ""30盒起购 依伦平 厄贝沙坦氢氯噻嗪片150mg:12.5mg*14片*2板"", ""price"": ""24.80"", ""spec"": ""150mg:12.5mg*14片*2板"", ""shop"": ""安徽天宁医药"", ""wholesale_id"": ""1240471873"", ""provider_id"": ""5018"", ""manufacturer"": ""南京正大天晴制药有限公司"", ""unit"": ""盒"", ""stock"": ""106"", ""url"": ""https://dian.ysbang.cn/#/druginfo?wholesaleId=1240471873&providerId=5018""}}, {""platform"": ""yaoshibang"", ""query"": ""依伦平 厄贝沙坦氢氯噻嗪片"", ""rank"": 18, ""title"": ""10盒起购 依伦平 厄贝沙坦氢氯噻嗪片150mg:12.5mg*14片*2板（运动员慎用）"", ""url"": ""https://dian.ysbang.cn/#/druginfo?wholesaleId=877463679&providerId=3746"", ""product_id"": ""877463679"", ""shop_name"": ""药品购"", ""list_price_raw"": ""26.53"", ""raw"": {""rank"": 18, ""title"": ""10盒起购 依伦平 厄贝沙坦氢氯噻嗪片150mg:12.5mg*14片*2板（运动员慎用）"", ""price"": ""26.53"", ""spec"": ""150mg:12.5mg*14片*2板"", ""shop"": ""药品购"", ""wholesale_id"": ""877463679"", ""provider_id"": ""3746"", ""manufacturer"": ""南京正大天晴制药有限公司"", ""unit"": ""盒"", ""stock"": ""340"", ""url"": ""https://dian.ysbang.cn/#/druginfo?wholesaleId=877463679&providerId=3746""}}, {""platform"": ""yaoshibang"", ""query"": ""依伦平 厄贝沙坦氢氯噻嗪片"", ""rank"": 19, ""title"": ""5盒包邮 依伦平 厄贝沙坦氢氯噻嗪片150mg:12.5mg*28片"", ""url"": ""https://dian.ysbang.cn/#/druginfo?wholesaleId=1265643486&providerId=11644"", ""product_id"": ""1265643486"", ""shop_name"": ""药掌柜旗舰店"", ""list_price_raw"": ""24.74"", ""raw"": {""rank"": 19, ""title"": ""5盒包邮 依伦平 厄贝沙坦氢氯噻嗪片150mg:12.5mg*28片"", ""price"": ""24.74"", ""spec"": ""150mg:12.5mg*28片"", ""shop"": ""药掌柜旗舰店"", ""wholesale_id"": ""1265643486"", ""provider_id"": ""11644"", ""manufacturer"": ""南京正大天晴制药有限公司"", ""unit"": ""盒"", ""stock"": ""418"", ""url"": ""https://dian.ysbang.cn/#/druginfo?wholesaleId=1265643486&providerId=11644""}}, {""platform"": ""yaoshibang"", ""query"": ""依伦平 厄贝沙坦氢氯噻嗪片"", ""rank"": 20, ""title"": ""6盒包邮 依伦平 厄贝沙坦氢氯噻嗪片150mg:12.5mg*14片*2板"", ""url"": ""https://dian.ysbang.cn/#/druginfo?wholesaleId=437044222&providerId=10237"", ""product_id"": ""437044222"", ""shop_name"": ""药云购"", ""list_price_raw"": ""25.76"", ""raw"": {""rank"": 20, ""title"": ""6盒包邮 依伦平 厄贝沙坦氢氯噻嗪片150mg:12.5mg*14片*2板"", ""price"": ""25.76"", ""spec"": ""150mg:12.5mg*14片*2板"", ""shop"": ""药云购"", ""wholesale_id"": ""437044222"", ""provider_id"": ""10237"", ""manufacturer"": ""南京正大天晴制药有限公司"", ""unit"": ""盒"", ""stock"": ""45"", ""url"": ""https://dian.ysbang.cn/#/druginfo?wholesaleId=437044222&providerId=10237""}}]}"
fa7bfd0a-9c0a-4540-9d2a-d2d48a1c4ab3,023dbaa8-e0f3-40bf-83ec-89f521dd12c8,e6e9a47c-10e3-4f67-a031-d1c7df4afbd3,,search,2026-07-20 09:53:34.956403,,,,,,,,,,,,,,,success,not_applicable,not_evaluated,,,/Users/helson/coding/cttq_work/数字员工drugget/evidence/023dbaa8-e0f3-40bf-83ec-89f521dd12c8/e6e9a47c-10e3-4f67-a031-d1c7df4afbd3,6710570368ee4f94a597bcc8c54f93c98205e954ec5666e53e4abed5feae7d73,opencli-1.8.6,"{""query"": ""葛泰 地奥司明片"", ""hits"": [{""platform"": ""yaoshibang"", ""query"": ""葛泰 地奥司明片"", ""rank"": 1, ""title"": ""10盒包邮 葛泰 地奥司明片0.45g*20片"", ""url"": ""https://dian.ysbang.cn/#/druginfo?wholesaleId=840884379&providerId=18650"", ""product_id"": ""840884379"", ""shop_name"": ""药实在"", ""list_price_raw"": ""16.17"", ""raw"": {""rank"": 1, ""title"": ""10盒包邮 葛泰 地奥司明片0.45g*20片"", ""price"": ""16.17"", ""spec"": ""0.45g*20片"", ""shop"": ""药实在"", ""wholesale_id"": ""840884379"", ""provider_id"": ""18650"", ""manufacturer"": ""南京正大天晴制药有限公司"", ""unit"": ""盒"", ""stock"": ""4835"", ""url"": ""https://dian.ysbang.cn/#/druginfo?wholesaleId=840884379&providerId=18650""}}, {""platform"": ""yaoshibang"", ""query"": ""葛泰 地奥司明片"", ""rank"": 2, ""title"": ""11盒包邮 葛泰 地奥司明片0.45g*24片"", ""url"": ""https://dian.ysbang.cn/#/druginfo?wholesaleId=851072544&providerId=4788"", ""product_id"": ""851072544"", ""shop_name"": ""药店品种预约中心"", ""list_price_raw"": ""19.90"", ""raw"": {""rank"": 2, ""title"": ""11盒包邮 葛泰 地奥司明片0.45g*24片"", ""price"": ""19.90"", ""spec"": ""0.45g*24片"", ""shop"": ""药店品种预约中心"", ""wholesale_id"": ""851072544"", ""provider_id"": ""4788"", ""manufacturer"": ""南京正大天晴制药有限公司"", ""unit"": ""盒"", ""stock"": ""30"", ""url"": ""https://dian.ysbang.cn/#/druginfo?wholesaleId=851072544&providerId=4788""}}, {""platform"": ""yaoshibang"", ""query"": ""葛泰 地奥司明片"", ""rank"": 3, ""title"": ""10盒起购 葛泰 地奥司明片0.45g*24片"", ""url"": ""https://dian.ysbang.cn/#/druginfo?wholesaleId=1280738027&providerId=3661"", ""product_id"": ""1280738027"", ""shop_name"": ""温馨购"", ""list_price_raw"": ""19.80"", ""raw"": {""rank"": 3, ""title"": ""10盒起购 葛泰 地奥司明片0.45g*24片"", ""price"": ""19.80"", ""spec"": ""0.45g*24片"", ""shop"": ""温馨购"", ""wholesale_id"": ""1280738027"", ""provider_id"": ""3661"", ""manufacturer"": ""南京正大天晴制药有限公司"", ""unit"": ""盒"", ""stock"": ""30"", ""url"": ""https://dian.ysbang.cn/#/druginfo?wholesaleId=1280738027&providerId=3661""}}, {""platform"": ""yaoshibang"", ""query"": ""葛泰 地奥司明片"", ""rank"": 4, ""title"": ""20盒包邮 葛泰 地奥司明片0.45g*20片"", ""url"": ""https://dian.ysbang.cn/#/druginfo?wholesaleId=1143063614&providerId=14387"", ""product_id"": ""1143063614"", ""shop_name"": ""放心采"", ""list_price_raw"": ""16.50"", ""raw"": {""rank"": 4, ""title"": ""20盒包邮 葛泰 地奥司明片0.45g*20片"", ""price"": ""16.50"", ""spec"": ""0.45g*20片"", ""shop"": ""放心采"", ""wholesale_id"": ""1143063614"", ""provider_id"": ""14387"", ""manufacturer"": ""南京正大天晴制药有限公司"", ""unit"": ""盒"", ""stock"": ""50"", ""url"": ""https://dian.ysbang.cn/#/druginfo?wholesaleId=1143063614&providerId=14387""}}, {""platform"": ""yaoshibang"", ""query"": ""葛泰 地奥司明片"", ""rank"": 5, ""title"": ""20盒起购 葛泰 地奥司明片0.45g*24片"", ""url"": ""https://dian.ysbang.cn/#/druginfo?wholesaleId=1176211904&providerId=5214"", ""product_id"": ""1176211904"", ""shop_name"": ""万药仓"", ""list_price_raw"": ""19.80"", ""raw"": {""rank"": 5, ""title"": ""20盒起购 葛泰 地奥司明片0.45g*24片"", ""price"": ""19.80"", ""spec"": ""0.45g*24片"", ""shop"": ""万药仓"", ""wholesale_id"": ""1176211904"", ""provider_id"": ""5214"", ""manufacturer"": ""南京正大天晴制药有限公司"", ""unit"": ""盒"", ""stock"": ""160"", ""url"": ""https://dian.ysbang.cn/#/druginfo?wholesaleId=1176211904&providerId=5214""}}, {""platform"": ""yaoshibang"", ""query"": ""葛泰 地奥司明片"", ""rank"": 6, ""title"": ""1盒起购 地奥司明片0.45g*20片"", ""url"": ""https://dian.ysbang.cn/#/druginfo?wholesaleId=3878602&providerId=2189"", ""product_id"": ""3878602"", ""shop_name"": ""药下单"", ""list_price_raw"": ""16.80"", ""raw"": {""rank"": 6, ""title"": ""1盒起购 地奥司明片0.45g*20片"", ""price"": ""16.80"", ""spec"": ""0.45g*20片"", ""shop"": ""药下单"", ""wholesale_id"": ""3878602"", ""provider_id"": ""2189"", ""manufacturer"": ""南京正大天晴制药有限公司"", ""unit"": ""盒"", ""stock"": ""400"", ""url"": ""https://dian.ysbang.cn/#/druginfo?wholesaleId=3878602&providerId=2189""}}, {""platform"": ""yaoshibang"", ""query"": ""葛泰 地奥司明片"", ""rank"": 7, ""title"": ""10盒包邮 葛泰 地奥司明片0.45g*24片"", ""url"": ""https://dian.ysbang.cn/#/druginfo?wholesaleId=1164684998&providerId=4788"", ""product_id"": ""1164684998"", ""shop_name"": ""药店品种预约中心"", ""list_price_raw"": ""19.80"", ""raw"": {""rank"": 7, ""title"": ""10盒包邮 葛泰 地奥司明片0.45g*24片"", ""price"": ""19.80"", ""spec"": ""0.45g*24片"", ""shop"": ""药店品种预约中心"", ""wholesale_id"": ""1164684998"", ""provider_id"": ""4788"", ""manufacturer"": ""南京正大天晴制药有限公司"", ""unit"": ""盒"", ""stock"": ""20"", ""url"": ""https://dian.ysbang.cn/#/druginfo?wholesaleId=1164684998&providerId=4788""}}, {""platform"": ""yaoshibang"", ""query"": ""葛泰 地奥司明片"", ""rank"": 8, ""title"": ""13盒包邮 葛泰 地奥司明片0.45g*20片"", ""url"": ""https://dian.ysbang.cn/#/druginfo?wholesaleId=1276757958&providerId=4788"", ""product_id"": ""1276757958"", ""shop_name"": """", ""list_price_raw"": ""16.50"", ""raw"": {""rank"": 8, ""title"": ""13盒包邮 葛泰 地奥司明片0.45g*20片"", ""price"": ""16.50"", ""spec"": ""0.45g*20片"", ""shop"": """", ""wholesale_id"": ""1276757958"", ""provider_id"": ""4788"", ""manufacturer"": ""南京正大天晴制药有限公司"", ""unit"": ""盒"", ""stock"": ""200"", ""url"": ""https://dian.ysbang.cn/#/druginfo?wholesaleId=1276757958&providerId=4788""}}, {""platform"": ""yaoshibang"", ""query"": ""葛泰 地奥司明片"", ""rank"": 9, ""title"": ""20盒包邮 葛泰 地奥司明片0.45g*24片"", ""url"": ""https://dian.ysbang.cn/#/druginfo?wholesaleId=1182699528&providerId=13612"", ""product_id"": ""1182699528"", ""shop_name"": ""全药购旗舰店"", ""list_price_raw"": ""19.98"", ""raw"": {""rank"": 9, ""title"": ""20盒包邮 葛泰 地奥司明片0.45g*24片"", ""price"": ""19.98"", ""spec"": ""0.45g*24片"", ""shop"": ""全药购旗舰店"", ""wholesale_id"": ""1182699528"", ""provider_id"": ""13612"", ""manufacturer"": ""南京正大天晴制药有限公司"", ""unit"": ""盒"", ""stock"": ""30"", ""url"": ""https://dian.ysbang.cn/#/druginfo?wholesaleId=1182699528&providerId=13612""}}, {""platform"": ""yaoshibang"", ""query"": ""葛泰 地奥司明片"", ""rank"": 10, ""title"": ""1盒起购 地奥司明片0.45g*24片"", ""url"": ""https://dian.ysbang.cn/#/druginfo?wholesaleId=8256942&providerId=3406"", ""product_id"": ""8256942"", ""shop_name"": ""药通宝丹桂园"", ""list_price_raw"": ""20.90"", ""raw"": {""rank"": 10, ""title"": ""1盒起购 地奥司明片0.45g*24片"", ""price"": ""20.90"", ""spec"": ""0.45g*24片"", ""shop"": ""药通宝丹桂园"", ""wholesale_id"": ""8256942"", ""provider_id"": ""3406"", ""manufacturer"": ""南京正大天晴制药有限公司"", ""unit"": ""盒"", ""stock"": ""53"", ""url"": ""https://dian.ysbang.cn/#/druginfo?wholesaleId=8256942&providerId=3406""}}, {""platform"": ""yaoshibang"", ""query"": ""葛泰 地奥司明片"", ""rank"": 11, ""title"": ""10盒包邮 葛泰 地奥司明片0.45g*24片"", ""url"": ""https://dian.ysbang.cn/#/druginfo?wholesaleId=921769408&providerId=18650"", ""product_id"": ""921769408"", ""shop_name"": ""药实在"", ""list_price_raw"": ""20.79"", ""raw"": {""rank"": 11, ""title"": ""10盒包邮 葛泰 地奥司明片0.45g*24片"", ""price"": ""20.79"", ""spec"": ""0.45g*24片"", ""shop"": ""药实在"", ""wholesale_id"": ""921769408"", ""provider_id"": ""18650"", ""manufacturer"": ""南京正大天晴制药有限公司"", ""unit"": ""盒"", ""stock"": ""1461"", ""url"": ""https://dian.ysbang.cn/#/druginfo?wholesaleId=921769408&providerId=18650""}}, {""platform"": ""yaoshibang"", ""query"": ""葛泰 地奥司明片"", ""rank"": 12, ""title"": ""1盒起购 南京正大 地奥司明片 0.45g*24片"", ""url"": ""https://dian.ysbang.cn/#/druginfo?wholesaleId=4475785&providerId=1964"", ""product_id"": ""4475785"", ""shop_name"": ""药好多旗舰店"", ""list_price_raw"": ""20.19"", ""raw"": {""rank"": 12, ""title"": ""1盒起购 南京正大 地奥司明片 0.45g*24片"", ""price"": ""20.19"", ""spec"": ""0.45g*24片"", ""shop"": ""药好多旗舰店"", ""wholesale_id"": ""4475785"", ""provider_id"": ""1964"", ""manufacturer"": ""南京正大天晴制药有限公司"", ""unit"": ""盒"", ""stock"": ""55"", ""url"": ""https://dian.ysbang.cn/#/druginfo?wholesaleId=4475785&providerId=1964""}}, {""platform"": ""yaoshibang"", ""query"": ""葛泰 地奥司明片"", ""rank"": 13, ""title"": ""10盒起购 葛泰 地奥司明片0.45g*24片"", ""url"": ""https://dian.ysbang.cn/#/druginfo?wholesaleId=1296127953&providerId=7877"", ""product_id"": ""1296127953"", ""shop_name"": ""利信医药"", ""list_price_raw"": ""19.98"", ""raw"": {""rank"": 13, ""title"": ""10盒起购 葛泰 地奥司明片0.45g*24片"", ""price"": ""19.98"", ""spec"": ""0.45g*24片"", ""shop"": ""利信医药"", ""wholesale_id"": ""1296127953"", ""provider_id"": ""7877"", ""manufacturer"": ""南京正大天晴制药有限公司"", ""unit"": ""盒"", ""stock"": ""30"", ""url"": ""https://dian.ysbang.cn/#/druginfo?wholesaleId=1296127953&providerId=7877""}}, {""platform"": ""yaoshibang"", ""query"": ""葛泰 地奥司明片"", ""rank"": 14, ""title"": ""5盒包邮 葛泰 地奥司明片0.45g*24片"", ""url"": ""https://dian.ysbang.cn/#/druginfo?wholesaleId=1266589519&providerId=5018"", ""product_id"": ""1266589519"", ""shop_name"": ""安徽天宁医药"", ""list_price_raw"": ""21.37"", ""raw"": {""rank"": 14, ""title"": ""5盒包邮 葛泰 地奥司明片0.45g*24片"", ""price"": ""21.37"", ""spec"": ""0.45g*24片"", ""shop"": ""安徽天宁医药"", ""wholesale_id"": ""1266589519"", ""provider_id"": ""5018"", ""manufacturer"": ""南京正大天晴制药有限公司"", ""unit"": ""盒"", ""stock"": ""15"", ""url"": ""https://dian.ysbang.cn/#/druginfo?wholesaleId=1266589519&providerId=5018""}}, {""platform"": ""yaoshibang"", ""query"": ""葛泰 地奥司明片"", ""rank"": 15, ""title"": ""10盒包邮 葛泰 地奥司明片0.45g*24片"", ""url"": ""https://dian.ysbang.cn/#/druginfo?wholesaleId=315421914&providerId=4788"", ""product_id"": ""315421914"", ""shop_name"": ""药店品种预约中心"", ""list_price_raw"": ""21.00"", ""raw"": {""rank"": 15, ""title"": ""10盒包邮 葛泰 地奥司明片0.45g*24片"", ""price"": ""21.00"", ""spec"": ""0.45g*24片"", ""shop"": ""药店品种预约中心"", ""wholesale_id"": ""315421914"", ""provider_id"": ""4788"", ""manufacturer"": ""南京正大天晴制药有限公司"", ""unit"": ""盒"", ""stock"": ""50"", ""url"": ""https://dian.ysbang.cn/#/druginfo?wholesaleId=315421914&providerId=4788""}}, {""platform"": ""yaoshibang"", ""query"": ""葛泰 地奥司明片"", ""rank"": 16, ""title"": ""10盒包邮 葛泰 地奥司明片0.45g*20片"", ""url"": ""https://dian.ysbang.cn/#/druginfo?wholesaleId=1273882138&providerId=4788"", ""product_id"": ""1273882138"", ""shop_name"": ""药店品种预约中心"", ""list_price_raw"": ""18.00"", ""raw"": {""rank"": 16, ""title"": ""10盒包邮 葛泰 地奥司明片0.45g*20片"", ""price"": ""18.00"", ""spec"": ""0.45g*20片"", ""shop"": ""药店品种预约中心"", ""wholesale_id"": ""1273882138"", ""provider_id"": ""4788"", ""manufacturer"": ""南京正大天晴制药有限公司"", ""unit"": ""盒"", ""stock"": ""200"", ""url"": ""https://dian.ysbang.cn/#/druginfo?wholesaleId=1273882138&providerId=4788""}}, {""platform"": ""yaoshibang"", ""query"": ""葛泰 地奥司明片"", ""rank"": 17, ""title"": ""20盒包邮 葛泰 地奥司明片0.45g*20片"", ""url"": ""https://dian.ysbang.cn/#/druginfo?wholesaleId=1295163349&providerId=4788"", ""product_id"": ""1295163349"", ""shop_name"": ""药店品种预约中心"", ""list_price_raw"": ""17.15"", ""raw"": {""rank"": 17, ""title"": ""20盒包邮 葛泰 地奥司明片0.45g*20片"", ""price"": ""17.15"", ""spec"": ""0.45g*20片"", ""shop"": ""药店品种预约中心"", ""wholesale_id"": ""1295163349"", ""provider_id"": ""4788"", ""manufacturer"": ""南京正大天晴制药有限公司"", ""unit"": ""盒"", ""stock"": ""102"", ""url"": ""https://dian.ysbang.cn/#/druginfo?wholesaleId=1295163349&providerId=4788""}}, {""platform"": ""yaoshibang"", ""query"": ""葛泰 地奥司明片"", ""rank"": 18, ""title"": ""1盒起购 葛泰 地奥司明片0.45g*24片"", ""url"": ""https://dian.ysbang.cn/#/druginfo?wholesaleId=1265777776&providerId=3791"", ""product_id"": ""1265777776"", ""shop_name"": ""吉祥树旗舰店"", ""list_price_raw"": ""19.98"", ""raw"": {""rank"": 18, ""title"": ""1盒起购 葛泰 地奥司明片0.45g*24片"", ""price"": ""19.98"", ""spec"": ""0.45g*24片"", ""shop"": ""吉祥树旗舰店"", ""wholesale_id"": ""1265777776"", ""provider_id"": ""3791"", ""manufacturer"": ""南京正大天晴制药有限公司"", ""unit"": ""盒"", ""stock"": ""30"", ""url"": ""https://dian.ysbang.cn/#/druginfo?wholesaleId=1265777776&providerId=3791""}}, {""platform"": ""yaoshibang"", ""query"": ""葛泰 地奥司明片"", ""rank"": 19, ""title"": ""12盒包邮 葛泰 地奥司明片0.45g*20片"", ""url"": ""https://dian.ysbang.cn/#/druginfo?wholesaleId=1153199674&providerId=3418"", ""product_id"": ""1153199674"", ""shop_name"": """", ""list_price_raw"": ""17.20"", ""raw"": {""rank"": 19, ""title"": ""12盒包邮 葛泰 地奥司明片0.45g*20片"", ""price"": ""17.20"", ""spec"": ""0.45g*20片"", ""shop"": """", ""wholesale_id"": ""1153199674"", ""provider_id"": ""3418"", ""manufacturer"": ""南京正大天晴制药有限公司"", ""unit"": ""盒"", ""stock"": ""161"", ""url"": ""https://dian.ysbang.cn/#/druginfo?wholesaleId=1153199674&providerId=3418""}}, {""platform"": ""yaoshibang"", ""query"": ""葛泰 地奥司明片"", ""rank"": 20, ""title"": ""10盒包邮 葛泰 地奥司明片0.45g*24片"", ""url"": ""https://dian.ysbang.cn/#/druginfo?wholesaleId=1135549283&providerId=901"", ""product_id"": ""1135549283"", ""shop_name"": ""药惠达"", ""list_price_raw"": ""21.00"", ""raw"": {""rank"": 20, ""title"": ""10盒包邮 葛泰 地奥司明片0.45g*24片"", ""price"": ""21.00"", ""spec"": ""0.45g*24片"", ""shop"": ""药惠达"", ""wholesale_id"": ""1135549283"", ""provider_id"": ""901"", ""manufacturer"": ""南京正大天晴制药有限公司"", ""unit"": ""盒"", ""stock"": ""33"", ""url"": ""https://dian.ysbang.cn/#/druginfo?wholesaleId=1135549283&providerId=901""}}]}"
0ec584a7-c23f-4470-8e2d-92c4539e7ab9,023dbaa8-e0f3-40bf-83ec-89f521dd12c8,fc190ad0-3874-42c0-a2dd-d5e789f0411e,,search,2026-07-20 09:54:28.486431,,,,,,,,,,,,,,,success,not_applicable,not_evaluated,,,/Users/helson/coding/cttq_work/数字员工drugget/evidence/023dbaa8-e0f3-40bf-83ec-89f521dd12c8/fc190ad0-3874-42c0-a2dd-d5e789f0411e,a79375917e87edf7deb13eee266fec3e2cd80f4dbe7c79fb3702fb0a1df41384,opencli-1.8.6,"{""query"": ""优立维 硫酸氢氯吡格雷片"", ""hits"": [{""platform"": ""yaoshibang"", ""query"": ""优立维 硫酸氢氯吡格雷片"", ""rank"": 1, ""title"": ""40盒包邮 优立维 硫酸氢氯吡格雷片75mg*7片"", ""url"": ""https://dian.ysbang.cn/#/druginfo?wholesaleId=1288649240&providerId=5508"", ""product_id"": ""1288649240"", ""shop_name"": ""迪沙药业"", ""list_price_raw"": ""6.14"", ""raw"": {""rank"": 1, ""title"": ""40盒包邮 优立维 硫酸氢氯吡格雷片75mg*7片"", ""price"": ""6.14"", ""spec"": ""75mg*7片"", ""shop"": ""迪沙药业"", ""wholesale_id"": ""1288649240"", ""provider_id"": ""5508"", ""manufacturer"": ""南京正大天晴制药有限公司"", ""unit"": ""盒"", ""stock"": ""120"", ""url"": ""https://dian.ysbang.cn/#/druginfo?wholesaleId=1288649240&providerId=5508""}}, {""platform"": ""yaoshibang"", ""query"": ""优立维 硫酸氢氯吡格雷片"", ""rank"": 2, ""title"": ""1盒起购 优立维 硫酸氢氯吡格雷片75mg*12片*3板"", ""url"": ""https://dian.ysbang.cn/#/druginfo?wholesaleId=1246496721&providerId=2758"", ""product_id"": ""1246496721"", ""shop_name"": ""乐药购"", ""list_price_raw"": ""30.24"", ""raw"": {""rank"": 2, ""title"": ""1盒起购 优立维 硫酸氢氯吡格雷片75mg*12片*3板"", ""price"": ""30.24"", ""spec"": ""75mg*12片*3板"", ""shop"": ""乐药购"", ""wholesale_id"": ""1246496721"", ""provider_id"": ""2758"", ""manufacturer"": ""南京正大天晴制药有限公司"", ""unit"": ""盒"", ""stock"": ""72"", ""url"": ""https://dian.ysbang.cn/#/druginfo?wholesaleId=1246496721&providerId=2758""}}, {""platform"": ""yaoshibang"", ""query"": ""优立维 硫酸氢氯吡格雷片"", ""rank"": 3, ""title"": ""1盒【+3元运费】包邮 优立维 硫酸氢氯吡格雷片75mg*12片*3板"", ""url"": ""https://dian.ysbang.cn/#/druginfo?wholesaleId=1293419328&providerId=2758"", ""product_id"": ""1293419328"", ""shop_name"": ""乐药购"", ""list_price_raw"": ""30.90"", ""raw"": {""rank"": 3, ""title"": ""1盒【+3元运费】包邮 优立维 硫酸氢氯吡格雷片75mg*12片*3板"", ""price"": ""30.90"", ""spec"": ""75mg*12片*3板"", ""shop"": ""乐药购"", ""wholesale_id"": ""1293419328"", ""provider_id"": ""2758"", ""manufacturer"": ""南京正大天晴制药有限公司"", ""unit"": ""盒"", ""stock"": ""72"", ""url"": ""https://dian.ysbang.cn/#/druginfo?wholesaleId=1293419328&providerId=2758""}}, {""platform"": ""yaoshibang"", ""query"": ""优立维 硫酸氢氯吡格雷片"", ""rank"": 4, ""title"": ""45盒包邮 优立维 硫酸氢氯吡格雷片75mg*7片"", ""url"": ""https://dian.ysbang.cn/#/druginfo?wholesaleId=1297092504&providerId=19055"", ""product_id"": ""1297092504"", ""shop_name"": ""立美克"", ""list_price_raw"": ""6.46"", ""raw"": {""rank"": 4, ""title"": ""45盒包邮 优立维 硫酸氢氯吡格雷片75mg*7片"", ""price"": ""6.46"", ""spec"": ""75mg*7片"", ""shop"": ""立美克"", ""wholesale_id"": ""1297092504"", ""provider_id"": ""19055"", ""manufacturer"": ""南京正大天晴制药有限公司"", ""unit"": ""盒"", ""stock"": ""120"", ""url"": ""https://dian.ysbang.cn/#/druginfo?wholesaleId=1297092504&providerId=19055""}}, {""platform"": ""yaoshibang"", ""query"": ""优立维 硫酸氢氯吡格雷片"", ""rank"": 5, ""title"": ""5盒包邮 优立维 硫酸氢氯吡格雷片75mg*12片*3板"", ""url"": ""https://dian.ysbang.cn/#/druginfo?wholesaleId=1218595453&providerId=9042"", ""product_id"": ""1218595453"", ""shop_name"": ""五星药师"", ""list_price_raw"": ""33.89"", ""raw"": {""rank"": 5, ""title"": ""5盒包邮 优立维 硫酸氢氯吡格雷片75mg*12片*3板"", ""price"": ""33.89"", ""spec"": ""75mg*12片*3板"", ""shop"": ""五星药师"", ""wholesale_id"": ""1218595453"", ""provider_id"": ""9042"", ""manufacturer"": ""南京正大天晴制药有限公司"", ""unit"": ""盒"", ""stock"": ""306"", ""url"": ""https://dian.ysbang.cn/#/druginfo?wholesaleId=1218595453&providerId=9042""}}, {""platform"": ""yaoshibang"", ""query"": ""优立维 硫酸氢氯吡格雷片"", ""rank"": 6, ""title"": ""5盒包邮 优立维 硫酸氢氯吡格雷片75mg*12片*3板"", ""url"": ""https://dian.ysbang.cn/#/druginfo?wholesaleId=1290664186&providerId=10115"", ""product_id"": ""1290664186"", ""shop_name"": ""腾达药跃旗舰店"", ""list_price_raw"": ""33.89"", ""raw"": {""rank"": 6, ""title"": ""5盒包邮 优立维 硫酸氢氯吡格雷片75mg*12片*3板"", ""price"": ""33.89"", ""spec"": ""75mg*12片*3板"", ""shop"": ""腾达药跃旗舰店"", ""wholesale_id"": ""1290664186"", ""provider_id"": ""10115"", ""manufacturer"": ""南京正大天晴制药有限公司"", ""unit"": ""盒"", ""stock"": ""155"", ""url"": ""https://dian.ysbang.cn/#/druginfo?wholesaleId=1290664186&providerId=10115""}}, {""platform"": ""yaoshibang"", ""query"": ""优立维 硫酸氢氯吡格雷片"", ""rank"": 7, ""title"": ""10盒包邮 优立维 硫酸氢氯吡格雷片75mg*12片*3板"", ""url"": ""https://dian.ysbang.cn/#/druginfo?wholesaleId=1251526498&providerId=10199"", ""product_id"": ""1251526498"", ""shop_name"": ""药要灵"", ""list_price_raw"": ""33.89"", ""raw"": {""rank"": 7, ""title"": ""10盒包邮 优立维 硫酸氢氯吡格雷片75mg*12片*3板"", ""price"": ""33.89"", ""spec"": ""75mg*12片*3板"", ""shop"": ""药要灵"", ""wholesale_id"": ""1251526498"", ""provider_id"": ""10199"", ""manufacturer"": ""南京正大天晴制药有限公司"", ""unit"": ""盒"", ""stock"": ""124"", ""url"": ""https://dian.ysbang.cn/#/druginfo?wholesaleId=1251526498&providerId=10199""}}, {""platform"": ""yaoshibang"", ""query"": ""优立维 硫酸氢氯吡格雷片"", ""rank"": 8, ""title"": ""1盒起购 优立维 硫酸氢氯吡格雷片75mg*12片*3板"", ""url"": ""https://dian.ysbang.cn/#/druginfo?wholesaleId=1255443204&providerId=8889"", ""product_id"": ""1255443204"", ""shop_name"": ""众佳康"", ""list_price_raw"": ""31.40"", ""raw"": {""rank"": 8, ""title"": ""1盒起购 优立维 硫酸氢氯吡格雷片75mg*12片*3板"", ""price"": ""31.40"", ""spec"": ""75mg*12片*3板"", ""shop"": ""众佳康"", ""wholesale_id"": ""1255443204"", ""provider_id"": ""8889"", ""manufacturer"": ""南京正大天晴制药有限公司"", ""unit"": ""盒"", ""stock"": ""118"", ""url"": ""https://dian.ysbang.cn/#/druginfo?wholesaleId=1255443204&providerId=8889""}}, {""platform"": ""yaoshibang"", ""query"": ""优立维 硫酸氢氯吡格雷片"", ""rank"": 9, ""title"": ""1盒起购 优立维 硫酸氢氯吡格雷片75mg*12片*3板"", ""url"": ""https://dian.ysbang.cn/#/druginfo?wholesaleId=1150912373&providerId=5443"", ""product_id"": ""1150912373"", ""shop_name"": """", ""list_price_raw"": ""33.82"", ""raw"": {""rank"": 9, ""title"": ""1盒起购 优立维 硫酸氢氯吡格雷片75mg*12片*3板"", ""price"": ""33.82"", ""spec"": ""75mg*12片*3板"", ""shop"": """", ""wholesale_id"": ""1150912373"", ""provider_id"": ""5443"", ""manufacturer"": ""南京正大天晴制药有限公司"", ""unit"": ""盒"", ""stock"": ""160"", ""url"": ""https://dian.ysbang.cn/#/druginfo?wholesaleId=1150912373&providerId=5443""}}, {""platform"": ""yaoshibang"", ""query"": ""优立维 硫酸氢氯吡格雷片"", ""rank"": 10, ""title"": ""6盒包邮 优立维 硫酸氢氯吡格雷片75mg*12片*3板 有效期至2028-09"", ""url"": ""https://dian.ysbang.cn/#/druginfo?wholesaleId=1283870859&providerId=781"", ""product_id"": ""1283870859"", ""shop_name"": """", ""list_price_raw"": ""33.90"", ""raw"": {""rank"": 10, ""title"": ""6盒包邮 优立维 硫酸氢氯吡格雷片75mg*12片*3板 有效期至2028-09"", ""price"": ""33.90"", ""spec"": ""75mg*12片*3板"", ""shop"": """", ""wholesale_id"": ""1283870859"", ""provider_id"": ""781"", ""manufacturer"": ""南京正大天晴制药有限公司"", ""unit"": ""盒"", ""stock"": ""153"", ""url"": ""https://dian.ysbang.cn/#/druginfo?wholesaleId=1283870859&providerId=781""}}, {""platform"": ""yaoshibang"", ""query"": ""优立维 硫酸氢氯吡格雷片"", ""rank"": 11, ""title"": ""10盒包邮 优立维 硫酸氢氯吡格雷片75mg*12片*3板"", ""url"": ""https://dian.ysbang.cn/#/druginfo?wholesaleId=1128346872&providerId=493"", ""product_id"": ""1128346872"", ""shop_name"": ""宏洲旗舰店"", ""list_price_raw"": ""33.89"", ""raw"": {""rank"": 11, ""title"": ""10盒包邮 优立维 硫酸氢氯吡格雷片75mg*12片*3板"", ""price"": ""33.89"", ""spec"": ""75mg*12片*3板"", ""shop"": ""宏洲旗舰店"", ""wholesale_id"": ""1128346872"", ""provider_id"": ""493"", ""manufacturer"": ""南京正大天晴制药有限公司"", ""unit"": ""盒"", ""stock"": ""197"", ""url"": ""https://dian.ysbang.cn/#/druginfo?wholesaleId=1128346872&providerId=493""}}, {""platform"": ""yaoshibang"", ""query"": ""优立维 硫酸氢氯吡格雷片"", ""rank"": 12, ""title"": ""20盒包邮 优立维 硫酸氢氯吡格雷片75mg*7片"", ""url"": ""https://dian.ysbang.cn/#/druginfo?wholesaleId=276608096&providerId=4385"", ""product_id"": ""276608096"", ""shop_name"": ""德盛兴"", ""list_price_raw"": ""6.85"", ""raw"": {""rank"": 12, ""title"": ""20盒包邮 优立维 硫酸氢氯吡格雷片75mg*7片"", ""price"": ""6.85"", ""spec"": ""75mg*7片"", ""shop"": ""德盛兴"", ""wholesale_id"": ""276608096"", ""provider_id"": ""4385"", ""manufacturer"": ""南京正大天晴制药有限公司"", ""unit"": ""盒"", ""stock"": ""84"", ""url"": ""https://dian.ysbang.cn/#/druginfo?wholesaleId=276608096&providerId=4385""}}, {""platform"": ""yaoshibang"", ""query"": ""优立维 硫酸氢氯吡格雷片"", ""rank"": 13, ""title"": ""1盒起购 优立维 硫酸氢氯吡格雷片75mg*12片*3板"", ""url"": ""https://dian.ysbang.cn/#/druginfo?wholesaleId=1282132196&providerId=3411"", ""product_id"": ""1282132196"", ""shop_name"": ""楚药行"", ""list_price_raw"": ""34.27"", ""raw"": {""rank"": 13, ""title"": ""1盒起购 优立维 硫酸氢氯吡格雷片75mg*12片*3板"", ""price"": ""34.27"", ""spec"": ""75mg*12片*3板"", ""shop"": ""楚药行"", ""wholesale_id"": ""1282132196"", ""provider_id"": ""3411"", ""manufacturer"": ""南京正大天晴制药有限公司"", ""unit"": ""盒"", ""stock"": ""80"", ""url"": ""https://dian.ysbang.cn/#/druginfo?wholesaleId=1282132196&providerId=3411""}}, {""platform"": ""yaoshibang"", ""query"": ""优立维 硫酸氢氯吡格雷片"", ""rank"": 14, ""title"": ""6盒包邮 优立维 硫酸氢氯吡格雷片75mg*12片*3板"", ""url"": ""https://dian.ysbang.cn/#/druginfo?wholesaleId=1293220871&providerId=2091"", ""product_id"": ""1293220871"", ""shop_name"": ""湘品汇"", ""list_price_raw"": ""34.68"", ""raw"": {""rank"": 14, ""title"": ""6盒包邮 优立维 硫酸氢氯吡格雷片75mg*12片*3板"", ""price"": ""34.68"", ""spec"": ""75mg*12片*3板"", ""shop"": ""湘品汇"", ""wholesale_id"": ""1293220871"", ""provider_id"": ""2091"", ""manufacturer"": ""南京正大天晴制药有限公司"", ""unit"": ""盒"", ""stock"": ""299"", ""url"": ""https://dian.ysbang.cn/#/druginfo?wholesaleId=1293220871&providerId=2091""}}, {""platform"": ""yaoshibang"", ""query"": ""优立维 硫酸氢氯吡格雷片"", ""rank"": 15, ""title"": ""20盒包邮 优立维 硫酸氢氯吡格雷片75mg*7片"", ""url"": ""https://dian.ysbang.cn/#/druginfo?wholesaleId=1296184766&providerId=15376"", ""product_id"": ""1296184766"", ""shop_name"": ""全药集"", ""list_price_raw"": ""6.94"", ""raw"": {""rank"": 15, ""title"": ""20盒包邮 优立维 硫酸氢氯吡格雷片75mg*7片"", ""price"": ""6.94"", ""spec"": ""75mg*7片"", ""shop"": ""全药集"", ""wholesale_id"": ""1296184766"", ""provider_id"": ""15376"", ""manufacturer"": ""南京正大天晴制药有限公司"", ""unit"": ""盒"", ""stock"": ""20"", ""url"": ""https://dian.ysbang.cn/#/druginfo?wholesaleId=1296184766&providerId=15376""}}, {""platform"": ""yaoshibang"", ""query"": ""优立维 硫酸氢氯吡格雷片"", ""rank"": 16, ""title"": ""5盒起购 优立维 硫酸氢氯吡格雷片75mg*12片*3板"", ""url"": ""https://dian.ysbang.cn/#/druginfo?wholesaleId=1297327873&providerId=17588"", ""product_id"": ""1297327873"", ""shop_name"": ""湖北宁安堂药业"", ""list_price_raw"": ""35.72"", ""raw"": {""rank"": 16, ""title"": ""5盒起购 优立维 硫酸氢氯吡格雷片75mg*12片*3板"", ""price"": ""35.72"", ""spec"": ""75mg*12片*3板"", ""shop"": ""湖北宁安堂药业"", ""wholesale_id"": ""1297327873"", ""provider_id"": ""17588"", ""manufacturer"": ""南京正大天晴制药有限公司"", ""unit"": ""盒"", ""stock"": ""160"", ""url"": ""https://dian.ysbang.cn/#/druginfo?wholesaleId=1297327873&providerId=17588""}}, {""platform"": ""yaoshibang"", ""query"": ""优立维 硫酸氢氯吡格雷片"", ""rank"": 17, ""title"": ""20盒包邮 优立维 硫酸氢氯吡格雷片75mg*7片"", ""url"": ""https://dian.ysbang.cn/#/druginfo?wholesaleId=1296243412&providerId=3448"", ""product_id"": ""1296243412"", ""shop_name"": ""润标医药"", ""list_price_raw"": ""7.31"", ""raw"": {""rank"": 17, ""title"": ""20盒包邮 优立维 硫酸氢氯吡格雷片75mg*7片"", ""price"": ""7.31"", ""spec"": ""75mg*7片"", ""shop"": ""润标医药"", ""wholesale_id"": ""1296243412"", ""provider_id"": ""3448"", ""manufacturer"": ""南京正大天晴制药有限公司"", ""unit"": ""盒"", ""stock"": ""40"", ""url"": ""https://dian.ysbang.cn/#/druginfo?wholesaleId=1296243412&providerId=3448""}}, {""platform"": ""yaoshibang"", ""query"": ""优立维 硫酸氢氯吡格雷片"", ""rank"": 18, ""title"": ""15盒起购 优立维 硫酸氢氯吡格雷片75mg*7片"", ""url"": ""https://dian.ysbang.cn/#/druginfo?wholesaleId=1281274646&providerId=3411"", ""product_id"": ""1281274646"", ""shop_name"": ""楚药行"", ""list_price_raw"": ""7.42"", ""raw"": {""rank"": 18, ""title"": ""15盒起购 优立维 硫酸氢氯吡格雷片75mg*7片"", ""price"": ""7.42"", ""spec"": ""75mg*7片"", ""shop"": ""楚药行"", ""wholesale_id"": ""1281274646"", ""provider_id"": ""3411"", ""manufacturer"": ""南京正大天晴制药有限公司"", ""unit"": ""盒"", ""stock"": ""90"", ""url"": ""https://dian.ysbang.cn/#/druginfo?wholesaleId=1281274646&providerId=3411""}}, {""platform"": ""yaoshibang"", ""query"": ""优立维 硫酸氢氯吡格雷片"", ""rank"": 19, ""title"": ""11盒包邮 优立维 硫酸氢氯吡格雷片75mg*7片"", ""url"": ""https://dian.ysbang.cn/#/druginfo?wholesaleId=841489443&providerId=8523"", ""product_id"": ""841489443"", ""shop_name"": ""湖湘药业药灵灵"", ""list_price_raw"": ""10.50"", ""raw"": {""rank"": 19, ""title"": ""11盒包邮 优立维 硫酸氢氯吡格雷片75mg*7片"", ""price"": ""10.50"", ""spec"": ""75mg*7片"", ""shop"": ""湖湘药业药灵灵"", ""wholesale_id"": ""841489443"", ""provider_id"": ""8523"", ""manufacturer"": ""南京正大天晴制药有限公司"", ""unit"": ""盒"", ""stock"": ""12"", ""url"": ""https://dian.ysbang.cn/#/druginfo?wholesaleId=841489443&providerId=8523""}}, {""platform"": ""yaoshibang"", ""query"": ""优立维 硫酸氢氯吡格雷片"", ""rank"": 20, ""title"": ""1盒起购 优立维 硫酸氢氯吡格雷片75mg*12片*3板"", ""url"": ""https://dian.ysbang.cn/#/druginfo?wholesaleId=1270718810&providerId=19000"", ""product_id"": ""1270718810"", ""shop_name"": ""陕药药旗舰店"", ""list_price_raw"": ""32.00"", ""raw"": {""rank"": 20, ""title"": ""1盒起购 优立维 硫酸氢氯吡格雷片75mg*12片*3板"", ""price"": ""32.00"", ""spec"": ""75mg*12片*3板"", ""shop"": ""陕药药旗舰店"", ""wholesale_id"": ""1270718810"", ""provider_id"": ""19000"", ""manufacturer"": ""南京正大天晴制药有限公司"", ""unit"": ""盒"", ""stock"": ""10"", ""url"": ""https://dian.ysbang.cn/#/druginfo?wholesaleId=1270718810&providerId=19000""}}]}"
