id,run_id,drug_id,platform,query,search_rank,product_id,shop_name,url,title,list_price_raw,candidate_type,sku_verification_status,responsibility_match_status,is_formal_price,reason,raw,discovered_at
9b22dc7c-aebc-4fcb-a44f-7a78b49eb36f,023dbaa8-e0f3-40bf-83ec-89f521dd12c8,1e5b4814-f3bf-45dd-8da1-19b19f6a1ca9,taobao,托妥,15,1024241619821,百年传徽医药专营店,https://item.taobao.com/item.htm?id=1024241619821,,,not_match,pending_detail_verification,matched,False,标题不包含目标品牌或通用名,"{""route"": ""shop_home"", ""shop_home_url"": ""https://shop202802473.taobao.com/""}",2026-07-20 09:38:57.696802
23c97df7-75c0-4a23-9fc8-191174b030a7,023dbaa8-e0f3-40bf-83ec-89f521dd12c8,1e5b4814-f3bf-45dd-8da1-19b19f6a1ca9,taobao,托妥,17,1026612956208,百年传徽医药专营店,https://item.taobao.com/item.htm?id=1026612956208,,,not_match,pending_detail_verification,matched,False,标题不包含目标品牌或通用名,"{""route"": ""shop_home"", ""shop_home_url"": ""https://shop202802473.taobao.com/""}",2026-07-20 09:38:57.696804
d8d054ae-f7b4-4b9f-b540-03945ffe3297,023dbaa8-e0f3-40bf-83ec-89f521dd12c8,1e5b4814-f3bf-45dd-8da1-19b19f6a1ca9,taobao,托妥,19,1048360076899,百年传徽医药专营店,https://item.taobao.com/item.htm?id=1048360076899,,,not_match,pending_detail_verification,matched,False,标题不包含目标品牌或通用名,"{""route"": ""shop_home"", ""shop_home_url"": ""https://shop202802473.taobao.com/""}",2026-07-20 09:38:57.696806
2e07d616-65cd-4784-b8d7-f6841d0fd4c2,023dbaa8-e0f3-40bf-83ec-89f521dd12c8,1e5b4814-f3bf-45dd-8da1-19b19f6a1ca9,taobao,托妥,21,1050864818731,百年传徽医药专营店,https://item.taobao.com/item.htm?id=1050864818731,,,not_match,pending_detail_verification,matched,False,标题不包含目标品牌或通用名,"{""route"": ""shop_home"", ""shop_home_url"": ""https://shop202802473.taobao.com/""}",2026-07-20 09:38:57.696808
7631382c-dc62-4dc9-80f1-1300ecd7c485,023dbaa8-e0f3-40bf-83ec-89f521dd12c8,1e5b4814-f3bf-45dd-8da1-19b19f6a1ca9,taobao,托妥,23,1052734108891,百年传徽医药专营店,https://item.taobao.com/item.htm?id=1052734108891,,,not_match,pending_detail_verification,matched,False,标题不包含目标品牌或通用名,"{""route"": ""shop_home"", ""shop_home_url"": ""https://shop202802473.taobao.com/""}",2026-07-20 09:38:57.696810
3040d71b-934d-462c-8655-c306a1990123,023dbaa8-e0f3-40bf-83ec-89f521dd12c8,1e5b4814-f3bf-45dd-8da1-19b19f6a1ca9,taobao,托妥,25,1052737592456,百年传徽医药专营店,https://item.taobao.com/item.htm?id=1052737592456,,,not_match,pending_detail_verification,matched,False,标题不包含目标品牌或通用名,"{""route"": ""shop_home"", ""shop_home_url"": ""https://shop202802473.taobao.com/""}",2026-07-20 09:38:57.696812
216fcfae-0e7a-4833-b865-76029f94f614,023dbaa8-e0f3-40bf-83ec-89f521dd12c8,1e5b4814-f3bf-45dd-8da1-19b19f6a1ca9,taobao,托妥,27,1056982570137,百年传徽医药专营店,https://item.taobao.com/item.htm?id=1056982570137,,,not_match,pending_detail_verification,matched,False,标题不包含目标品牌或通用名,"{""route"": ""shop_home"", ""shop_home_url"": ""https://shop202802473.taobao.com/""}",2026-07-20 09:38:57.696813
3a1d7888-ed0b-4f9e-bcb6-5e9988e0b06d,023dbaa8-e0f3-40bf-83ec-89f521dd12c8,1e5b4814-f3bf-45dd-8da1-19b19f6a1ca9,taobao,托妥,29,1057126938718,百年传徽医药专营店,https://item.taobao.com/item.htm?id=1057126938718,,,not_match,pending_detail_verification,matched,False,标题不包含目标品牌或通用名,"{""route"": ""shop_home"", ""shop_home_url"": ""https://shop202802473.taobao.com/""}",2026-07-20 09:38:57.696815
912420a6-34a8-4ca0-8cc7-ac23e1d361d4,023dbaa8-e0f3-40bf-83ec-89f521dd12c8,1e5b4814-f3bf-45dd-8da1-19b19f6a1ca9,taobao,托妥,31,1059046908883,百年传徽医药专营店,https://item.taobao.com/item.htm?id=1059046908883,,,not_match,pending_detail_verification,matched,False,标题不包含目标品牌或通用名,"{""route"": ""shop_home"", ""shop_home_url"": ""https://shop202802473.taobao.com/""}",2026-07-20 09:38:57.696817
f2c2f8a8-01b5-4c9a-bd60-12f54e688d84,023dbaa8-e0f3-40bf-83ec-89f521dd12c8,1e5b4814-f3bf-45dd-8da1-19b19f6a1ca9,taobao,托妥 瑞舒伐他汀钙片,4,1062313753815,善禾医药专营店,https://item.taobao.com/item.htm?id=1062313753815,新托妥 10mg*48片/盒 瑞舒伐他汀钙片,¥22.25,new_store,pending_detail_verification,pending_assignment,False,责任档案未匹配的新店,"{""item_id"": ""1062313753815"", ""location"": ""安徽亳州"", ""price"": ""¥22.25"", ""rank"": 4, ""sales"": ""1人付款"", ""shop"": ""善禾医药专营店"", ""title"": ""新托妥 10mg*48片/盒 瑞舒伐他汀钙片"", ""url"": ""https://item.taobao.com/item.htm?id=1062313753815""}",2026-07-20 09:51:18.652553
d93a6f3b-4f4a-4576-8aa8-6d92b6310fe7,023dbaa8-e0f3-40bf-83ec-89f521dd12c8,1e5b4814-f3bf-45dd-8da1-19b19f6a1ca9,taobao,托妥 瑞舒伐他汀钙片,6,1065932210217,永泰大药房旗舰店,https://item.taobao.com/item.htm?id=1065932210217,新托妥 瑞舒伐他汀钙片 10mg*35片/盒,¥22.4,new_store,pending_detail_verification,pending_assignment,False,责任档案未匹配的新店,"{""item_id"": ""1065932210217"", ""location"": ""江苏盐城"", ""price"": ""¥22.4"", ""rank"": 6, ""sales"": ""0人付款"", ""shop"": ""永泰大药房旗舰店"", ""title"": ""新托妥 瑞舒伐他汀钙片 10mg*35片/盒"", ""url"": ""https://item.taobao.com/item.htm?id=1065932210217""}",2026-07-20 09:51:18.652557
40804de2-a6f6-4b21-b7a3-41a40455a289,023dbaa8-e0f3-40bf-83ec-89f521dd12c8,1e5b4814-f3bf-45dd-8da1-19b19f6a1ca9,taobao,托妥 瑞舒伐他汀钙片,5,1067586164493,友和之家大药房旗舰店,https://item.taobao.com/item.htm?id=1067586164493,新托妥 10mg*24片/盒 瑞舒伐他汀钙片,¥19.6,new_store,pending_detail_verification,pending_assignment,False,责任档案未匹配的新店,"{""item_id"": ""1067586164493"", ""location"": ""广东深圳"", ""price"": ""¥19.6"", ""rank"": 5, ""sales"": ""0人付款"", ""shop"": ""友和之家大药房旗舰店"", ""title"": ""新托妥 10mg*24片/盒 瑞舒伐他汀钙片"", ""url"": ""https://item.taobao.com/item.htm?id=1067586164493""}",2026-07-20 09:51:18.652555
f2df8f45-6ab1-48c1-a201-d83844d7b445,023dbaa8-e0f3-40bf-83ec-89f521dd12c8,1e5b4814-f3bf-45dd-8da1-19b19f6a1ca9,taobao,托妥 瑞舒伐他汀钙片,1,613550172973,泉源堂大药房旗舰店,https://item.taobao.com/item.htm?id=613550172973,正大天晴 10mg*28片/盒 瑞舒伐他汀钙片,¥18.5,new_store,pending_detail_verification,pending_assignment,False,责任档案未匹配的新店,"{""item_id"": ""613550172973"", ""location"": ""四川成都"", ""price"": ""¥18.5"", ""rank"": 1, ""sales"": ""78人付款"", ""shop"": ""泉源堂大药房旗舰店"", ""title"": ""正大天晴 10mg*28片/盒 瑞舒伐他汀钙片"", ""url"": ""https://item.taobao.com/item.htm?id=613550172973""}",2026-07-20 09:51:18.652541
98ea2d5c-0f03-41e6-b660-735db3997724,023dbaa8-e0f3-40bf-83ec-89f521dd12c8,1e5b4814-f3bf-45dd-8da1-19b19f6a1ca9,taobao,托妥 瑞舒伐他汀钙片,3,618203002365,阿里健康大药房,https://item.taobao.com/item.htm?id=618203002365,新托妥 10mg*14片/盒 瑞舒伐他汀钙片,¥10.9,known_non_fixed_store,pending_detail_verification,matched,False,责任档案已有但未纳入固定线,"{""item_id"": ""618203002365"", ""location"": ""江苏苏州"", ""price"": ""¥10.9"", ""rank"": 3, ""sales"": ""400+人付款"", ""shop"": ""买过的店阿里健康大药房"", ""title"": ""新托妥 10mg*14片/盒 瑞舒伐他汀钙片"", ""url"": ""https://item.taobao.com/item.htm?id=618203002365""}",2026-07-20 09:51:18.652551
f3af4b0b-8087-42e4-ac68-f2342c7ed695,023dbaa8-e0f3-40bf-83ec-89f521dd12c8,1e5b4814-f3bf-45dd-8da1-19b19f6a1ca9,taobao,托妥 瑞舒伐他汀钙片,2,648878452873,阿里健康大药房,https://item.taobao.com/item.htm?id=648878452873,新托妥 10mg*28片/盒 瑞舒伐他汀钙片,¥20.93,known_non_fixed_store,pending_detail_verification,matched,False,责任档案已有但未纳入固定线,"{""item_id"": ""648878452873"", ""location"": ""江苏苏州"", ""price"": ""¥20.93"", ""rank"": 2, ""sales"": ""1万+人付款"", ""shop"": ""买过的店阿里健康大药房"", ""title"": ""新托妥 10mg*28片/盒 瑞舒伐他汀钙片"", ""url"": ""https://item.taobao.com/item.htm?id=648878452873""}",2026-07-20 09:51:18.652548
f899145e-cc19-4150-a597-d173082666ee,023dbaa8-e0f3-40bf-83ec-89f521dd12c8,1e5b4814-f3bf-45dd-8da1-19b19f6a1ca9,taobao,托妥,1,975079107364,百年传徽医药专营店,https://item.taobao.com/item.htm?id=975079107364,,,not_match,pending_detail_verification,matched,False,标题不包含目标品牌或通用名,"{""route"": ""shop_home"", ""shop_home_url"": ""https://shop202802473.taobao.com/""}",2026-07-20 09:38:57.696784
ba926d61-019e-4067-8a60-13d9ac5eef6d,023dbaa8-e0f3-40bf-83ec-89f521dd12c8,1e5b4814-f3bf-45dd-8da1-19b19f6a1ca9,taobao,托妥,3,975178814032,百年传徽医药专营店,https://item.taobao.com/item.htm?id=975178814032,,,not_match,pending_detail_verification,matched,False,标题不包含目标品牌或通用名,"{""route"": ""shop_home"", ""shop_home_url"": ""https://shop202802473.taobao.com/""}",2026-07-20 09:38:57.696789
f663964b-d3eb-4440-945c-d54f1860fd62,023dbaa8-e0f3-40bf-83ec-89f521dd12c8,1e5b4814-f3bf-45dd-8da1-19b19f6a1ca9,taobao,托妥,5,976313221434,百年传徽医药专营店,https://item.taobao.com/item.htm?id=976313221434,,,not_match,pending_detail_verification,matched,False,标题不包含目标品牌或通用名,"{""route"": ""shop_home"", ""shop_home_url"": ""https://shop202802473.taobao.com/""}",2026-07-20 09:38:57.696791
ca0c842c-dd40-497a-a0eb-a5c4506df1e5,023dbaa8-e0f3-40bf-83ec-89f521dd12c8,1e5b4814-f3bf-45dd-8da1-19b19f6a1ca9,taobao,托妥,7,976339305569,百年传徽医药专营店,https://item.taobao.com/item.htm?id=976339305569,,,not_match,pending_detail_verification,matched,False,标题不包含目标品牌或通用名,"{""route"": ""shop_home"", ""shop_home_url"": ""https://shop202802473.taobao.com/""}",2026-07-20 09:38:57.696793
e2110dad-4524-44a7-aea8-74e9174e8447,023dbaa8-e0f3-40bf-83ec-89f521dd12c8,1e5b4814-f3bf-45dd-8da1-19b19f6a1ca9,taobao,托妥,9,977788393548,百年传徽医药专营店,https://item.taobao.com/item.htm?id=977788393548,,,not_match,pending_detail_verification,matched,False,标题不包含目标品牌或通用名,"{""route"": ""shop_home"", ""shop_home_url"": ""https://shop202802473.taobao.com/""}",2026-07-20 09:38:57.696796
7a62cc40-088b-48e7-acb2-cc9c00799b9d,023dbaa8-e0f3-40bf-83ec-89f521dd12c8,1e5b4814-f3bf-45dd-8da1-19b19f6a1ca9,taobao,托妥,11,980699672780,百年传徽医药专营店,https://item.taobao.com/item.htm?id=980699672780,,,not_match,pending_detail_verification,matched,False,标题不包含目标品牌或通用名,"{""route"": ""shop_home"", ""shop_home_url"": ""https://shop202802473.taobao.com/""}",2026-07-20 09:38:57.696798
a54b087b-6b74-49c7-8b64-9daba4719e7e,023dbaa8-e0f3-40bf-83ec-89f521dd12c8,1e5b4814-f3bf-45dd-8da1-19b19f6a1ca9,taobao,托妥,13,996049743824,百年传徽医药专营店,https://item.taobao.com/item.htm?id=996049743824,,,not_match,pending_detail_verification,matched,False,标题不包含目标品牌或通用名,"{""route"": ""shop_home"", ""shop_home_url"": ""https://shop202802473.taobao.com/""}",2026-07-20 09:38:57.696800
42f48abd-f5db-41f8-953f-83b7a3da96c6,023dbaa8-e0f3-40bf-83ec-89f521dd12c8,1e5b4814-f3bf-45dd-8da1-19b19f6a1ca9,yaoshibang,托妥 瑞舒伐他汀钙片,13,1142454120,宏洲旗舰店,https://dian.ysbang.cn/#/druginfo?wholesaleId=1142454120&providerId=493,19盒包邮 新托妥 瑞舒伐他汀钙片10mg*28片,15.94,new_store,pending_detail_verification,pending_assignment,False,责任档案未匹配的新店,"{""rank"": 13, ""title"": ""19盒包邮 新托妥 瑞舒伐他汀钙片10mg*28片"", ""price"": ""15.94"", ""spec"": ""10mg*28片"", ""shop"": ""宏洲旗舰店"", ""wholesale_id"": ""1142454120"", ""provider_id"": ""493"", ""manufacturer"": ""南京正大天晴制药有限公司"", ""unit"": ""盒"", ""stock"": ""311"", ""url"": ""https://dian.ysbang.cn/#/druginfo?wholesaleId=1142454120&providerId=493""}",2026-07-20 09:52:01.994094
ac175db3-3d54-45e8-a676-37f0083cd280,023dbaa8-e0f3-40bf-83ec-89f521dd12c8,1e5b4814-f3bf-45dd-8da1-19b19f6a1ca9,yaoshibang,托妥 瑞舒伐他汀钙片,17,11442113,药通宝丹桂园,https://dian.ysbang.cn/#/druginfo?wholesaleId=11442113&providerId=3406,1盒起购 南京正大 新托妥  瑞舒伐他汀钙片10mg*28片,16.60,new_store,pending_detail_verification,pending_assignment,False,责任档案未匹配的新店,"{""rank"": 17, ""title"": ""1盒起购 南京正大 新托妥  瑞舒伐他汀钙片10mg*28片"", ""price"": ""16.60"", ""spec"": ""10mg*28片"", ""shop"": ""药通宝丹桂园"", ""wholesale_id"": ""11442113"", ""provider_id"": ""3406"", ""manufacturer"": ""南京正大天晴制药有限公司"", ""unit"": ""盒"", ""stock"": ""42"", ""url"": ""https://dian.ysbang.cn/#/druginfo?wholesaleId=11442113&providerId=3406""}",2026-07-20 09:52:01.994103
b0d7a337-8fa9-4417-b950-7cdb007b0787,023dbaa8-e0f3-40bf-83ec-89f521dd12c8,1e5b4814-f3bf-45dd-8da1-19b19f6a1ca9,yaoshibang,托妥 瑞舒伐他汀钙片,14,1174879832,融泰重庆,https://dian.ysbang.cn/#/druginfo?wholesaleId=1174879832&providerId=16506,10盒包邮 新托妥 瑞舒伐他汀钙片10mg*24片,13.60,new_store,pending_detail_verification,pending_assignment,False,责任档案未匹配的新店,"{""rank"": 14, ""title"": ""10盒包邮 新托妥 瑞舒伐他汀钙片10mg*24片"", ""price"": ""13.60"", ""spec"": ""10mg*24片"", ""shop"": ""融泰重庆"", ""wholesale_id"": ""1174879832"", ""provider_id"": ""16506"", ""manufacturer"": ""南京正大天晴制药有限公司"", ""unit"": ""盒"", ""stock"": ""329"", ""url"": ""https://dian.ysbang.cn/#/druginfo?wholesaleId=1174879832&providerId=16506""}",2026-07-20 09:52:01.994096
77166ad5-e599-4ad7-a363-8a8590e4ef01,023dbaa8-e0f3-40bf-83ec-89f521dd12c8,1e5b4814-f3bf-45dd-8da1-19b19f6a1ca9,yaoshibang,托妥 瑞舒伐他汀钙片,16,1185305865,丹光医药,https://dian.ysbang.cn/#/druginfo?wholesaleId=1185305865&providerId=8363,10盒包邮 新托妥 瑞舒伐他汀钙片10mg*24片,13.45,new_store,pending_detail_verification,pending_assignment,False,责任档案未匹配的新店,"{""rank"": 16, ""title"": ""10盒包邮 新托妥 瑞舒伐他汀钙片10mg*24片"", ""price"": ""13.45"", ""spec"": ""10mg*24片"", ""shop"": ""丹光医药"", ""wholesale_id"": ""1185305865"", ""provider_id"": ""8363"", ""manufacturer"": ""南京正大天晴制药有限公司"", ""unit"": ""盒"", ""stock"": ""50"", ""url"": ""https://dian.ysbang.cn/#/druginfo?wholesaleId=1185305865&providerId=8363""}",2026-07-20 09:52:01.994101
40f49caf-b16f-4bb9-b10d-e271e96a479a,023dbaa8-e0f3-40bf-83ec-89f521dd12c8,1e5b4814-f3bf-45dd-8da1-19b19f6a1ca9,yaoshibang,托妥 瑞舒伐他汀钙片,10,1257579061,世济药,https://dian.ysbang.cn/#/druginfo?wholesaleId=1257579061&providerId=2641,20盒包邮 新托妥 瑞舒伐他汀钙片10mg*24片,13.20,new_store,pending_detail_verification,pending_assignment,False,责任档案未匹配的新店,"{""rank"": 10, ""title"": ""20盒包邮 新托妥 瑞舒伐他汀钙片10mg*24片"", ""price"": ""13.20"", ""spec"": ""10mg*24片"", ""shop"": ""世济药"", ""wholesale_id"": ""1257579061"", ""provider_id"": ""2641"", ""manufacturer"": ""南京正大天晴制药有限公司"", ""unit"": ""盒"", ""stock"": ""89"", ""url"": ""https://dian.ysbang.cn/#/druginfo?wholesaleId=1257579061&providerId=2641""}",2026-07-20 09:52:01.994088
c58b8c55-21d0-42e2-b8e0-3e05219c497d,023dbaa8-e0f3-40bf-83ec-89f521dd12c8,1e5b4814-f3bf-45dd-8da1-19b19f6a1ca9,yaoshibang,托妥 瑞舒伐他汀钙片,12,1281814884,药店品种预约中心,https://dian.ysbang.cn/#/druginfo?wholesaleId=1281814884&providerId=4788,10盒包邮 新托妥 瑞舒伐他汀钙片10mg*28片,16.40,new_store,pending_detail_verification,pending_assignment,False,责任档案未匹配的新店,"{""rank"": 12, ""title"": ""10盒包邮 新托妥 瑞舒伐他汀钙片10mg*28片"", ""price"": ""16.40"", ""spec"": ""10mg*28片"", ""shop"": ""药店品种预约中心"", ""wholesale_id"": ""1281814884"", ""provider_id"": ""4788"", ""manufacturer"": ""南京正大天晴制药有限公司"", ""unit"": ""盒"", ""stock"": ""40"", ""url"": ""https://dian.ysbang.cn/#/druginfo?wholesaleId=1281814884&providerId=4788""}",2026-07-20 09:52:01.994092
22160d1f-6f6d-4d4c-b04d-928f07262539,023dbaa8-e0f3-40bf-83ec-89f521dd12c8,1e5b4814-f3bf-45dd-8da1-19b19f6a1ca9,yaoshibang,托妥 瑞舒伐他汀钙片,19,1289240645,泓坤旗舰店,https://dian.ysbang.cn/#/druginfo?wholesaleId=1289240645&providerId=831,15盒包邮 新托妥 瑞舒伐他汀钙片10mg*24片,13.58,new_store,pending_detail_verification,pending_assignment,False,责任档案未匹配的新店,"{""rank"": 19, ""title"": ""15盒包邮 新托妥 瑞舒伐他汀钙片10mg*24片"", ""price"": ""13.58"", ""spec"": ""10mg*24片"", ""shop"": ""泓坤旗舰店"", ""wholesale_id"": ""1289240645"", ""provider_id"": ""831"", ""manufacturer"": ""南京正大天晴制药有限公司"", ""unit"": ""盒"", ""stock"": ""45"", ""url"": ""https://dian.ysbang.cn/#/druginfo?wholesaleId=1289240645&providerId=831""}",2026-07-20 09:52:01.994107
4acb41e5-b3aa-46f4-a36f-6941a9336bdb,023dbaa8-e0f3-40bf-83ec-89f521dd12c8,1e5b4814-f3bf-45dd-8da1-19b19f6a1ca9,yaoshibang,托妥 瑞舒伐他汀钙片,11,1294687087,乐兴医药,https://dian.ysbang.cn/#/druginfo?wholesaleId=1294687087&providerId=4088,23盒包邮 新托妥 瑞舒伐他汀钙片10mg*24片,13.17,new_store,pending_detail_verification,pending_assignment,False,责任档案未匹配的新店,"{""rank"": 11, ""title"": ""23盒包邮 新托妥 瑞舒伐他汀钙片10mg*24片"", ""price"": ""13.17"", ""spec"": ""10mg*24片"", ""shop"": ""乐兴医药"", ""wholesale_id"": ""1294687087"", ""provider_id"": ""4088"", ""manufacturer"": ""南京正大天晴制药有限公司"", ""unit"": ""盒"", ""stock"": ""259"", ""url"": ""https://dian.ysbang.cn/#/druginfo?wholesaleId=1294687087&providerId=4088""}",2026-07-20 09:52:01.994090
a105f92f-bf1d-4e1d-a311-cb86f9a9874d,023dbaa8-e0f3-40bf-83ec-89f521dd12c8,1e5b4814-f3bf-45dd-8da1-19b19f6a1ca9,yaoshibang,托妥 瑞舒伐他汀钙片,18,1295009724,大聪明,https://dian.ysbang.cn/#/druginfo?wholesaleId=1295009724&providerId=12579,23盒包邮 新托妥 瑞舒伐他汀钙片10mg*24片,13.30,new_store,pending_detail_verification,pending_assignment,False,责任档案未匹配的新店,"{""rank"": 18, ""title"": ""23盒包邮 新托妥 瑞舒伐他汀钙片10mg*24片"", ""price"": ""13.30"", ""spec"": ""10mg*24片"", ""shop"": ""大聪明"", ""wholesale_id"": ""1295009724"", ""provider_id"": ""12579"", ""manufacturer"": ""南京正大天晴制药有限公司"", ""unit"": ""盒"", ""stock"": ""710"", ""url"": ""https://dian.ysbang.cn/#/druginfo?wholesaleId=1295009724&providerId=12579""}",2026-07-20 09:52:01.994105
3205e9cf-6afb-430a-91ae-79d0a2c590f4,023dbaa8-e0f3-40bf-83ec-89f521dd12c8,1e5b4814-f3bf-45dd-8da1-19b19f6a1ca9,yaoshibang,托妥 瑞舒伐他汀钙片,7,1295836768,药店品种预约中心,https://dian.ysbang.cn/#/druginfo?wholesaleId=1295836768&providerId=4788,30盒包邮 新托妥 瑞舒伐他汀钙片10mg*24片,12.89,new_store,pending_detail_verification,pending_assignment,False,责任档案未匹配的新店,"{""rank"": 7, ""title"": ""30盒包邮 新托妥 瑞舒伐他汀钙片10mg*24片"", ""price"": ""12.89"", ""spec"": ""10mg*24片"", ""shop"": ""药店品种预约中心"", ""wholesale_id"": ""1295836768"", ""provider_id"": ""4788"", ""manufacturer"": ""南京正大天晴制药有限公司"", ""unit"": ""盒"", ""stock"": ""200"", ""url"": ""https://dian.ysbang.cn/#/druginfo?wholesaleId=1295836768&providerId=4788""}",2026-07-20 09:52:01.994080
f2f2a5af-4df3-44fc-ad39-8d3432dbc853,023dbaa8-e0f3-40bf-83ec-89f521dd12c8,1e5b4814-f3bf-45dd-8da1-19b19f6a1ca9,yaoshibang,托妥 瑞舒伐他汀钙片,1,1295836770,小君（今医师）,https://dian.ysbang.cn/#/druginfo?wholesaleId=1295836770&providerId=4367,10盒包邮 新托妥 瑞舒伐他汀钙片10mg*24片,12.89,new_store,pending_detail_verification,pending_assignment,False,责任档案未匹配的新店,"{""rank"": 1, ""title"": ""10盒包邮 新托妥 瑞舒伐他汀钙片10mg*24片"", ""price"": ""12.89"", ""spec"": ""10mg*24片"", ""shop"": ""小君（今医师）"", ""wholesale_id"": ""1295836770"", ""provider_id"": ""4367"", ""manufacturer"": ""南京正大天晴制药有限公司"", ""unit"": ""盒"", ""stock"": ""200"", ""url"": ""https://dian.ysbang.cn/#/druginfo?wholesaleId=1295836770&providerId=4367""}",2026-07-20 09:52:01.994061
a2d5556a-baf5-4a29-b3ae-4c78ef3532c7,023dbaa8-e0f3-40bf-83ec-89f521dd12c8,1e5b4814-f3bf-45dd-8da1-19b19f6a1ca9,yaoshibang,托妥 瑞舒伐他汀钙片,8,1295836771,森涛,https://dian.ysbang.cn/#/druginfo?wholesaleId=1295836771&providerId=3511,30盒包邮 新托妥 瑞舒伐他汀钙片10mg*24片,12.89,new_store,pending_detail_verification,pending_assignment,False,责任档案未匹配的新店,"{""rank"": 8, ""title"": ""30盒包邮 新托妥 瑞舒伐他汀钙片10mg*24片"", ""price"": ""12.89"", ""spec"": ""10mg*24片"", ""shop"": ""森涛"", ""wholesale_id"": ""1295836771"", ""provider_id"": ""3511"", ""manufacturer"": ""南京正大天晴制药有限公司"", ""unit"": ""盒"", ""stock"": ""1380"", ""url"": ""https://dian.ysbang.cn/#/druginfo?wholesaleId=1295836771&providerId=3511""}",2026-07-20 09:52:01.994083
0ec3ddc4-dd1e-4c0a-b63e-4aa99a46df9f,023dbaa8-e0f3-40bf-83ec-89f521dd12c8,1e5b4814-f3bf-45dd-8da1-19b19f6a1ca9,yaoshibang,托妥 瑞舒伐他汀钙片,9,1295836772,药店品种预约中心,https://dian.ysbang.cn/#/druginfo?wholesaleId=1295836772&providerId=4788,20盒包邮 新托妥 瑞舒伐他汀钙片10mg*24片,12.89,new_store,pending_detail_verification,pending_assignment,False,责任档案未匹配的新店,"{""rank"": 9, ""title"": ""20盒包邮 新托妥 瑞舒伐他汀钙片10mg*24片"", ""price"": ""12.89"", ""spec"": ""10mg*24片"", ""shop"": ""药店品种预约中心"", ""wholesale_id"": ""1295836772"", ""provider_id"": ""4788"", ""manufacturer"": ""南京正大天晴制药有限公司"", ""unit"": ""盒"", ""stock"": ""600"", ""url"": ""https://dian.ysbang.cn/#/druginfo?wholesaleId=1295836772&providerId=4788""}",2026-07-20 09:52:01.994085
f68f1225-d744-438f-b971-e62a22c2ffa1,023dbaa8-e0f3-40bf-83ec-89f521dd12c8,1e5b4814-f3bf-45dd-8da1-19b19f6a1ca9,yaoshibang,托妥 瑞舒伐他汀钙片,6,1297440317,药惠好,https://dian.ysbang.cn/#/druginfo?wholesaleId=1297440317&providerId=5762,10盒包邮 新托妥 瑞舒伐他汀钙片10mg*24片,13.20,new_store,pending_detail_verification,pending_assignment,False,责任档案未匹配的新店,"{""rank"": 6, ""title"": ""10盒包邮 新托妥 瑞舒伐他汀钙片10mg*24片"", ""price"": ""13.20"", ""spec"": ""10mg*24片"", ""shop"": ""药惠好"", ""wholesale_id"": ""1297440317"", ""provider_id"": ""5762"", ""manufacturer"": ""南京正大天晴制药有限公司"", ""unit"": ""盒"", ""stock"": ""200"", ""url"": ""https://dian.ysbang.cn/#/druginfo?wholesaleId=1297440317&providerId=5762""}",2026-07-20 09:52:01.994078
30ba1738-9bb6-4f04-8bb8-3373680f876d,023dbaa8-e0f3-40bf-83ec-89f521dd12c8,1e5b4814-f3bf-45dd-8da1-19b19f6a1ca9,yaoshibang,托妥 瑞舒伐他汀钙片,5,1297514147,新佰伴,https://dian.ysbang.cn/#/druginfo?wholesaleId=1297514147&providerId=4238,20盒包邮 新托妥 瑞舒伐他汀钙片10mg*24片,12.87,new_store,pending_detail_verification,pending_assignment,False,责任档案未匹配的新店,"{""rank"": 5, ""title"": ""20盒包邮 新托妥 瑞舒伐他汀钙片10mg*24片"", ""price"": ""12.87"", ""spec"": ""10mg*24片"", ""shop"": ""新佰伴"", ""wholesale_id"": ""1297514147"", ""provider_id"": ""4238"", ""manufacturer"": ""南京正大天晴制药有限公司"", ""unit"": ""盒"", ""stock"": ""20"", ""url"": ""https://dian.ysbang.cn/#/druginfo?wholesaleId=1297514147&providerId=4238""}",2026-07-20 09:52:01.994076
3beac509-7381-4f12-bf8d-4361e5339f72,023dbaa8-e0f3-40bf-83ec-89f521dd12c8,1e5b4814-f3bf-45dd-8da1-19b19f6a1ca9,yaoshibang,托妥 瑞舒伐他汀钙片,3,1297521841,宏誉堂,https://dian.ysbang.cn/#/druginfo?wholesaleId=1297521841&providerId=10970,20盒包邮 新托妥 瑞舒伐他汀钙片10mg*24片,12.74,new_store,pending_detail_verification,pending_assignment,False,责任档案未匹配的新店,"{""rank"": 3, ""title"": ""20盒包邮 新托妥 瑞舒伐他汀钙片10mg*24片"", ""price"": ""12.74"", ""spec"": ""10mg*24片"", ""shop"": ""宏誉堂"", ""wholesale_id"": ""1297521841"", ""provider_id"": ""10970"", ""manufacturer"": ""南京正大天晴制药有限公司"", ""unit"": ""盒"", ""stock"": ""600"", ""url"": ""https://dian.ysbang.cn/#/druginfo?wholesaleId=1297521841&providerId=10970""}",2026-07-20 09:52:01.994071
91e0b26e-97f1-4d0a-8fc1-221133927adb,023dbaa8-e0f3-40bf-83ec-89f521dd12c8,1e5b4814-f3bf-45dd-8da1-19b19f6a1ca9,yaoshibang,托妥 瑞舒伐他汀钙片,2,13258130,扬帆旗舰店,https://dian.ysbang.cn/#/druginfo?wholesaleId=13258130&providerId=1541,1盒起购 新托妥 瑞舒伐他汀钙片10mg*24片,13.76,new_store,pending_detail_verification,pending_assignment,False,责任档案未匹配的新店,"{""rank"": 2, ""title"": ""1盒起购 新托妥 瑞舒伐他汀钙片10mg*24片"", ""price"": ""13.76"", ""spec"": ""10mg*24片"", ""shop"": ""扬帆旗舰店"", ""wholesale_id"": ""13258130"", ""provider_id"": ""1541"", ""manufacturer"": ""南京正大天晴制药有限公司"", ""unit"": ""盒"", ""stock"": ""78"", ""url"": ""https://dian.ysbang.cn/#/druginfo?wholesaleId=13258130&providerId=1541""}",2026-07-20 09:52:01.994068
c226243d-cb66-47cf-9cff-edcefab77fe7,023dbaa8-e0f3-40bf-83ec-89f521dd12c8,1e5b4814-f3bf-45dd-8da1-19b19f6a1ca9,yaoshibang,托妥 瑞舒伐他汀钙片,20,23832682,鑫鑫鑫,https://dian.ysbang.cn/#/druginfo?wholesaleId=23832682&providerId=3585,1盒起购 南京正大 新托妥  瑞舒伐他汀钙片10mg*28片,15.95,new_store,pending_detail_verification,pending_assignment,False,责任档案未匹配的新店,"{""rank"": 20, ""title"": ""1盒起购 南京正大 新托妥  瑞舒伐他汀钙片10mg*28片"", ""price"": ""15.95"", ""spec"": ""10mg*28片"", ""shop"": ""鑫鑫鑫"", ""wholesale_id"": ""23832682"", ""provider_id"": ""3585"", ""manufacturer"": ""南京正大天晴制药有限公司"", ""unit"": ""盒"", ""stock"": ""200"", ""url"": ""https://dian.ysbang.cn/#/druginfo?wholesaleId=23832682&providerId=3585""}",2026-07-20 09:52:01.994109
ffafb274-6fa9-4fd8-9a4a-ad4fe3e635d3,023dbaa8-e0f3-40bf-83ec-89f521dd12c8,1e5b4814-f3bf-45dd-8da1-19b19f6a1ca9,yaoshibang,托妥 瑞舒伐他汀钙片,4,243790193,至远旗舰店,https://dian.ysbang.cn/#/druginfo?wholesaleId=243790193&providerId=10926,1盒起购 新托妥 瑞舒伐他汀钙片10mg*24片,13.30,new_store,pending_detail_verification,pending_assignment,False,责任档案未匹配的新店,"{""rank"": 4, ""title"": ""1盒起购 新托妥 瑞舒伐他汀钙片10mg*24片"", ""price"": ""13.30"", ""spec"": ""10mg*24片"", ""shop"": ""至远旗舰店"", ""wholesale_id"": ""243790193"", ""provider_id"": ""10926"", ""manufacturer"": ""南京正大天晴制药有限公司"", ""unit"": ""盒"", ""stock"": ""3376"", ""url"": ""https://dian.ysbang.cn/#/druginfo?wholesaleId=243790193&providerId=10926""}",2026-07-20 09:52:01.994074
f0e8cbcc-9689-4b18-98ba-18ce81d18d1a,023dbaa8-e0f3-40bf-83ec-89f521dd12c8,1e5b4814-f3bf-45dd-8da1-19b19f6a1ca9,yaoshibang,托妥 瑞舒伐他汀钙片,15,26338186,眉山圣丹,https://dian.ysbang.cn/#/druginfo?wholesaleId=26338186&providerId=3047,1盒起购 南京正大 新托妥  瑞舒伐他汀钙片10mg*28片,16.55,new_store,pending_detail_verification,pending_assignment,False,责任档案未匹配的新店,"{""rank"": 15, ""title"": ""1盒起购 南京正大 新托妥  瑞舒伐他汀钙片10mg*28片"", ""price"": ""16.55"", ""spec"": ""10mg*28片"", ""shop"": ""眉山圣丹"", ""wholesale_id"": ""26338186"", ""provider_id"": ""3047"", ""manufacturer"": ""南京正大天晴制药有限公司"", ""unit"": ""盒"", ""stock"": ""81"", ""url"": ""https://dian.ysbang.cn/#/druginfo?wholesaleId=26338186&providerId=3047""}",2026-07-20 09:52:01.994098
441f3fdd-d1c5-4c66-8e8c-5b1c33f1dc55,023dbaa8-e0f3-40bf-83ec-89f521dd12c8,93fe971e-608a-4274-882b-422f49c87406,taobao,葛泰 地奥司明片,1,1054514852337,医医药专营店,https://item.taobao.com/item.htm?id=1054514852337,葛泰 地奥司明片 0.45g*24片/盒,¥13.8,new_store,pending_detail_verification,pending_assignment,False,责任档案未匹配的新店,"{""item_id"": ""1054514852337"", ""location"": ""江苏淮安"", ""price"": ""¥13.8"", ""rank"": 1, ""sales"": ""300+人付款"", ""shop"": ""医医药专营店"", ""title"": ""葛泰 地奥司明片 0.45g*24片/盒"", ""url"": ""https://item.taobao.com/item.htm?id=1054514852337""}",2026-07-20 09:50:27.679726
65e97f79-a115-4373-ad54-ef95154d62b4,023dbaa8-e0f3-40bf-83ec-89f521dd12c8,93fe971e-608a-4274-882b-422f49c87406,taobao,葛泰 地奥司明片,2,1065865275950,满康堂医药专营店,https://item.taobao.com/item.htm?id=1065865275950,葛泰 0.45g*48片/盒 地奥司明片,¥31.6,new_store,pending_detail_verification,pending_assignment,False,责任档案未匹配的新店,"{""item_id"": ""1065865275950"", ""location"": ""辽宁沈阳"", ""price"": ""¥31.6"", ""rank"": 2, ""sales"": ""0人付款"", ""shop"": ""满康堂医药专营店"", ""title"": ""葛泰 0.45g*48片/盒 地奥司明片"", ""url"": ""https://item.taobao.com/item.htm?id=1065865275950""}",2026-07-20 09:50:27.679731
26105e1f-f557-4371-93f4-84df1207a043,023dbaa8-e0f3-40bf-83ec-89f521dd12c8,93fe971e-608a-4274-882b-422f49c87406,taobao,葛泰 地奥司明片,3,1066800026246,冠瑞智医药专营店,https://item.taobao.com/item.htm?id=1066800026246,葛泰 地奥司明片 0.45g*20片/盒,¥28.49,new_store,pending_detail_verification,pending_assignment,False,责任档案未匹配的新店,"{""item_id"": ""1066800026246"", ""location"": ""浙江杭州"", ""price"": ""¥28.49"", ""rank"": 3, ""sales"": ""0人付款"", ""shop"": ""冠瑞智医药专营店"", ""title"": ""葛泰 地奥司明片 0.45g*20片/盒"", ""url"": ""https://item.taobao.com/item.htm?id=1066800026246""}",2026-07-20 09:50:27.679734
ce040320-8b70-4195-a1c7-8773f39ecbcb,023dbaa8-e0f3-40bf-83ec-89f521dd12c8,93fe971e-608a-4274-882b-422f49c87406,yaoshibang,葛泰 地奥司明片,20,1135549283,药惠达,https://dian.ysbang.cn/#/druginfo?wholesaleId=1135549283&providerId=901,10盒包邮 葛泰 地奥司明片0.45g*24片,21.00,new_store,pending_detail_verification,pending_assignment,False,责任档案未匹配的新店,"{""rank"": 20, ""title"": ""10盒包邮 葛泰 地奥司明片0.45g*24片"", ""price"": ""21.00"", ""spec"": ""0.45g*24片"", ""shop"": ""药惠达"", ""wholesale_id"": ""1135549283"", ""provider_id"": ""901"", ""manufacturer"": ""南京正大天晴制药有限公司"", ""unit"": ""盒"", ""stock"": ""33"", ""url"": ""https://dian.ysbang.cn/#/druginfo?wholesaleId=1135549283&providerId=901""}",2026-07-20 09:53:34.963510
ec4b8857-6ba4-452b-ba10-2379d6f80519,023dbaa8-e0f3-40bf-83ec-89f521dd12c8,93fe971e-608a-4274-882b-422f49c87406,yaoshibang,葛泰 地奥司明片,4,1143063614,放心采,https://dian.ysbang.cn/#/druginfo?wholesaleId=1143063614&providerId=14387,20盒包邮 葛泰 地奥司明片0.45g*20片,16.50,new_store,pending_detail_verification,pending_assignment,False,责任档案未匹配的新店,"{""rank"": 4, ""title"": ""20盒包邮 葛泰 地奥司明片0.45g*20片"", ""price"": ""16.50"", ""spec"": ""0.45g*20片"", ""shop"": ""放心采"", ""wholesale_id"": ""1143063614"", ""provider_id"": ""14387"", ""manufacturer"": ""南京正大天晴制药有限公司"", ""unit"": ""盒"", ""stock"": ""50"", ""url"": ""https://dian.ysbang.cn/#/druginfo?wholesaleId=1143063614&providerId=14387""}",2026-07-20 09:53:34.963474
2b3cbce2-dce4-4850-87a7-d0ede511c83a,023dbaa8-e0f3-40bf-83ec-89f521dd12c8,93fe971e-608a-4274-882b-422f49c87406,yaoshibang,葛泰 地奥司明片,19,1153199674,,https://dian.ysbang.cn/#/druginfo?wholesaleId=1153199674&providerId=3418,12盒包邮 葛泰 地奥司明片0.45g*20片,17.20,new_store,pending_detail_verification,pending_assignment,False,责任档案未匹配的新店,"{""rank"": 19, ""title"": ""12盒包邮 葛泰 地奥司明片0.45g*20片"", ""price"": ""17.20"", ""spec"": ""0.45g*20片"", ""shop"": """", ""wholesale_id"": ""1153199674"", ""provider_id"": ""3418"", ""manufacturer"": ""南京正大天晴制药有限公司"", ""unit"": ""盒"", ""stock"": ""161"", ""url"": ""https://dian.ysbang.cn/#/druginfo?wholesaleId=1153199674&providerId=3418""}",2026-07-20 09:53:34.963508
5194956a-4e70-47eb-8843-ecee444a1a5c,023dbaa8-e0f3-40bf-83ec-89f521dd12c8,93fe971e-608a-4274-882b-422f49c87406,yaoshibang,葛泰 地奥司明片,7,1164684998,药店品种预约中心,https://dian.ysbang.cn/#/druginfo?wholesaleId=1164684998&providerId=4788,10盒包邮 葛泰 地奥司明片0.45g*24片,19.80,new_store,pending_detail_verification,pending_assignment,False,责任档案未匹配的新店,"{""rank"": 7, ""title"": ""10盒包邮 葛泰 地奥司明片0.45g*24片"", ""price"": ""19.80"", ""spec"": ""0.45g*24片"", ""shop"": ""药店品种预约中心"", ""wholesale_id"": ""1164684998"", ""provider_id"": ""4788"", ""manufacturer"": ""南京正大天晴制药有限公司"", ""unit"": ""盒"", ""stock"": ""20"", ""url"": ""https://dian.ysbang.cn/#/druginfo?wholesaleId=1164684998&providerId=4788""}",2026-07-20 09:53:34.963481
8c96e528-64e0-443b-a8e0-301064acc6ae,023dbaa8-e0f3-40bf-83ec-89f521dd12c8,93fe971e-608a-4274-882b-422f49c87406,yaoshibang,葛泰 地奥司明片,5,1176211904,万药仓,https://dian.ysbang.cn/#/druginfo?wholesaleId=1176211904&providerId=5214,20盒起购 葛泰 地奥司明片0.45g*24片,19.80,new_store,pending_detail_verification,pending_assignment,False,责任档案未匹配的新店,"{""rank"": 5, ""title"": ""20盒起购 葛泰 地奥司明片0.45g*24片"", ""price"": ""19.80"", ""spec"": ""0.45g*24片"", ""shop"": ""万药仓"", ""wholesale_id"": ""1176211904"", ""provider_id"": ""5214"", ""manufacturer"": ""南京正大天晴制药有限公司"", ""unit"": ""盒"", ""stock"": ""160"", ""url"": ""https://dian.ysbang.cn/#/druginfo?wholesaleId=1176211904&providerId=5214""}",2026-07-20 09:53:34.963476
ab46c3c0-7f5b-4848-969a-3491e2bf8be2,023dbaa8-e0f3-40bf-83ec-89f521dd12c8,93fe971e-608a-4274-882b-422f49c87406,yaoshibang,葛泰 地奥司明片,9,1182699528,全药购旗舰店,https://dian.ysbang.cn/#/druginfo?wholesaleId=1182699528&providerId=13612,20盒包邮 葛泰 地奥司明片0.45g*24片,19.98,new_store,pending_detail_verification,pending_assignment,False,责任档案未匹配的新店,"{""rank"": 9, ""title"": ""20盒包邮 葛泰 地奥司明片0.45g*24片"", ""price"": ""19.98"", ""spec"": ""0.45g*24片"", ""shop"": ""全药购旗舰店"", ""wholesale_id"": ""1182699528"", ""provider_id"": ""13612"", ""manufacturer"": ""南京正大天晴制药有限公司"", ""unit"": ""盒"", ""stock"": ""30"", ""url"": ""https://dian.ysbang.cn/#/druginfo?wholesaleId=1182699528&providerId=13612""}",2026-07-20 09:53:34.963485
b6310a24-0e2f-4859-a8d8-83aa4122029b,023dbaa8-e0f3-40bf-83ec-89f521dd12c8,93fe971e-608a-4274-882b-422f49c87406,yaoshibang,葛泰 地奥司明片,18,1265777776,吉祥树旗舰店,https://dian.ysbang.cn/#/druginfo?wholesaleId=1265777776&providerId=3791,1盒起购 葛泰 地奥司明片0.45g*24片,19.98,new_store,pending_detail_verification,pending_assignment,False,责任档案未匹配的新店,"{""rank"": 18, ""title"": ""1盒起购 葛泰 地奥司明片0.45g*24片"", ""price"": ""19.98"", ""spec"": ""0.45g*24片"", ""shop"": ""吉祥树旗舰店"", ""wholesale_id"": ""1265777776"", ""provider_id"": ""3791"", ""manufacturer"": ""南京正大天晴制药有限公司"", ""unit"": ""盒"", ""stock"": ""30"", ""url"": ""https://dian.ysbang.cn/#/druginfo?wholesaleId=1265777776&providerId=3791""}",2026-07-20 09:53:34.963506
90b00624-678e-491f-abd5-b4fbb3734763,023dbaa8-e0f3-40bf-83ec-89f521dd12c8,93fe971e-608a-4274-882b-422f49c87406,yaoshibang,葛泰 地奥司明片,14,1266589519,安徽天宁医药,https://dian.ysbang.cn/#/druginfo?wholesaleId=1266589519&providerId=5018,5盒包邮 葛泰 地奥司明片0.45g*24片,21.37,new_store,pending_detail_verification,pending_assignment,False,责任档案未匹配的新店,"{""rank"": 14, ""title"": ""5盒包邮 葛泰 地奥司明片0.45g*24片"", ""price"": ""21.37"", ""spec"": ""0.45g*24片"", ""shop"": ""安徽天宁医药"", ""wholesale_id"": ""1266589519"", ""provider_id"": ""5018"", ""manufacturer"": ""南京正大天晴制药有限公司"", ""unit"": ""盒"", ""stock"": ""15"", ""url"": ""https://dian.ysbang.cn/#/druginfo?wholesaleId=1266589519&providerId=5018""}",2026-07-20 09:53:34.963497
bdfb2485-d6f2-47e5-b74c-39427648e0e9,023dbaa8-e0f3-40bf-83ec-89f521dd12c8,93fe971e-608a-4274-882b-422f49c87406,yaoshibang,葛泰 地奥司明片,16,1273882138,药店品种预约中心,https://dian.ysbang.cn/#/druginfo?wholesaleId=1273882138&providerId=4788,10盒包邮 葛泰 地奥司明片0.45g*20片,18.00,new_store,pending_detail_verification,pending_assignment,False,责任档案未匹配的新店,"{""rank"": 16, ""title"": ""10盒包邮 葛泰 地奥司明片0.45g*20片"", ""price"": ""18.00"", ""spec"": ""0.45g*20片"", ""shop"": ""药店品种预约中心"", ""wholesale_id"": ""1273882138"", ""provider_id"": ""4788"", ""manufacturer"": ""南京正大天晴制药有限公司"", ""unit"": ""盒"", ""stock"": ""200"", ""url"": ""https://dian.ysbang.cn/#/druginfo?wholesaleId=1273882138&providerId=4788""}",2026-07-20 09:53:34.963502
7df30660-d470-4cf4-a034-a51fd7b44ed2,023dbaa8-e0f3-40bf-83ec-89f521dd12c8,93fe971e-608a-4274-882b-422f49c87406,yaoshibang,葛泰 地奥司明片,8,1276757958,,https://dian.ysbang.cn/#/druginfo?wholesaleId=1276757958&providerId=4788,13盒包邮 葛泰 地奥司明片0.45g*20片,16.50,new_store,pending_detail_verification,pending_assignment,False,责任档案未匹配的新店,"{""rank"": 8, ""title"": ""13盒包邮 葛泰 地奥司明片0.45g*20片"", ""price"": ""16.50"", ""spec"": ""0.45g*20片"", ""shop"": """", ""wholesale_id"": ""1276757958"", ""provider_id"": ""4788"", ""manufacturer"": ""南京正大天晴制药有限公司"", ""unit"": ""盒"", ""stock"": ""200"", ""url"": ""https://dian.ysbang.cn/#/druginfo?wholesaleId=1276757958&providerId=4788""}",2026-07-20 09:53:34.963483
4c0cf6c5-8017-4a4c-8ab3-545c728a80b6,023dbaa8-e0f3-40bf-83ec-89f521dd12c8,93fe971e-608a-4274-882b-422f49c87406,yaoshibang,葛泰 地奥司明片,3,1280738027,温馨购,https://dian.ysbang.cn/#/druginfo?wholesaleId=1280738027&providerId=3661,10盒起购 葛泰 地奥司明片0.45g*24片,19.80,new_store,pending_detail_verification,pending_assignment,False,责任档案未匹配的新店,"{""rank"": 3, ""title"": ""10盒起购 葛泰 地奥司明片0.45g*24片"", ""price"": ""19.80"", ""spec"": ""0.45g*24片"", ""shop"": ""温馨购"", ""wholesale_id"": ""1280738027"", ""provider_id"": ""3661"", ""manufacturer"": ""南京正大天晴制药有限公司"", ""unit"": ""盒"", ""stock"": ""30"", ""url"": ""https://dian.ysbang.cn/#/druginfo?wholesaleId=1280738027&providerId=3661""}",2026-07-20 09:53:34.963471
97bc1b76-218a-4114-9ead-cbd9cdc3c3e2,023dbaa8-e0f3-40bf-83ec-89f521dd12c8,93fe971e-608a-4274-882b-422f49c87406,yaoshibang,葛泰 地奥司明片,17,1295163349,药店品种预约中心,https://dian.ysbang.cn/#/druginfo?wholesaleId=1295163349&providerId=4788,20盒包邮 葛泰 地奥司明片0.45g*20片,17.15,new_store,pending_detail_verification,pending_assignment,False,责任档案未匹配的新店,"{""rank"": 17, ""title"": ""20盒包邮 葛泰 地奥司明片0.45g*20片"", ""price"": ""17.15"", ""spec"": ""0.45g*20片"", ""shop"": ""药店品种预约中心"", ""wholesale_id"": ""1295163349"", ""provider_id"": ""4788"", ""manufacturer"": ""南京正大天晴制药有限公司"", ""unit"": ""盒"", ""stock"": ""102"", ""url"": ""https://dian.ysbang.cn/#/druginfo?wholesaleId=1295163349&providerId=4788""}",2026-07-20 09:53:34.963504
6d60ea9c-9e0d-4290-b0da-a3a1947ebc00,023dbaa8-e0f3-40bf-83ec-89f521dd12c8,93fe971e-608a-4274-882b-422f49c87406,yaoshibang,葛泰 地奥司明片,13,1296127953,利信医药,https://dian.ysbang.cn/#/druginfo?wholesaleId=1296127953&providerId=7877,10盒起购 葛泰 地奥司明片0.45g*24片,19.98,new_store,pending_detail_verification,pending_assignment,False,责任档案未匹配的新店,"{""rank"": 13, ""title"": ""10盒起购 葛泰 地奥司明片0.45g*24片"", ""price"": ""19.98"", ""spec"": ""0.45g*24片"", ""shop"": ""利信医药"", ""wholesale_id"": ""1296127953"", ""provider_id"": ""7877"", ""manufacturer"": ""南京正大天晴制药有限公司"", ""unit"": ""盒"", ""stock"": ""30"", ""url"": ""https://dian.ysbang.cn/#/druginfo?wholesaleId=1296127953&providerId=7877""}",2026-07-20 09:53:34.963495
4d2a230a-dabf-4809-8af6-090e6f131057,023dbaa8-e0f3-40bf-83ec-89f521dd12c8,93fe971e-608a-4274-882b-422f49c87406,yaoshibang,葛泰 地奥司明片,15,315421914,药店品种预约中心,https://dian.ysbang.cn/#/druginfo?wholesaleId=315421914&providerId=4788,10盒包邮 葛泰 地奥司明片0.45g*24片,21.00,new_store,pending_detail_verification,pending_assignment,False,责任档案未匹配的新店,"{""rank"": 15, ""title"": ""10盒包邮 葛泰 地奥司明片0.45g*24片"", ""price"": ""21.00"", ""spec"": ""0.45g*24片"", ""shop"": ""药店品种预约中心"", ""wholesale_id"": ""315421914"", ""provider_id"": ""4788"", ""manufacturer"": ""南京正大天晴制药有限公司"", ""unit"": ""盒"", ""stock"": ""50"", ""url"": ""https://dian.ysbang.cn/#/druginfo?wholesaleId=315421914&providerId=4788""}",2026-07-20 09:53:34.963500
e7058d9f-254c-4772-8ef3-6d7945b1d196,023dbaa8-e0f3-40bf-83ec-89f521dd12c8,93fe971e-608a-4274-882b-422f49c87406,yaoshibang,葛泰 地奥司明片,6,3878602,药下单,https://dian.ysbang.cn/#/druginfo?wholesaleId=3878602&providerId=2189,1盒起购 地奥司明片0.45g*20片,16.80,new_store,pending_detail_verification,pending_assignment,False,责任档案未匹配的新店,"{""rank"": 6, ""title"": ""1盒起购 地奥司明片0.45g*20片"", ""price"": ""16.80"", ""spec"": ""0.45g*20片"", ""shop"": ""药下单"", ""wholesale_id"": ""3878602"", ""provider_id"": ""2189"", ""manufacturer"": ""南京正大天晴制药有限公司"", ""unit"": ""盒"", ""stock"": ""400"", ""url"": ""https://dian.ysbang.cn/#/druginfo?wholesaleId=3878602&providerId=2189""}",2026-07-20 09:53:34.963479
17e04fc0-75ac-4510-9fb1-aa344047f2bf,023dbaa8-e0f3-40bf-83ec-89f521dd12c8,93fe971e-608a-4274-882b-422f49c87406,yaoshibang,葛泰 地奥司明片,12,4475785,药好多旗舰店,https://dian.ysbang.cn/#/druginfo?wholesaleId=4475785&providerId=1964,1盒起购 南京正大 地奥司明片 0.45g*24片,20.19,new_store,pending_detail_verification,pending_assignment,False,责任档案未匹配的新店,"{""rank"": 12, ""title"": ""1盒起购 南京正大 地奥司明片 0.45g*24片"", ""price"": ""20.19"", ""spec"": ""0.45g*24片"", ""shop"": ""药好多旗舰店"", ""wholesale_id"": ""4475785"", ""provider_id"": ""1964"", ""manufacturer"": ""南京正大天晴制药有限公司"", ""unit"": ""盒"", ""stock"": ""55"", ""url"": ""https://dian.ysbang.cn/#/druginfo?wholesaleId=4475785&providerId=1964""}",2026-07-20 09:53:34.963493
a822ad06-1067-4b10-898a-70b381476567,023dbaa8-e0f3-40bf-83ec-89f521dd12c8,93fe971e-608a-4274-882b-422f49c87406,yaoshibang,葛泰 地奥司明片,10,8256942,药通宝丹桂园,https://dian.ysbang.cn/#/druginfo?wholesaleId=8256942&providerId=3406,1盒起购 地奥司明片0.45g*24片,20.90,new_store,pending_detail_verification,pending_assignment,False,责任档案未匹配的新店,"{""rank"": 10, ""title"": ""1盒起购 地奥司明片0.45g*24片"", ""price"": ""20.90"", ""spec"": ""0.45g*24片"", ""shop"": ""药通宝丹桂园"", ""wholesale_id"": ""8256942"", ""provider_id"": ""3406"", ""manufacturer"": ""南京正大天晴制药有限公司"", ""unit"": ""盒"", ""stock"": ""53"", ""url"": ""https://dian.ysbang.cn/#/druginfo?wholesaleId=8256942&providerId=3406""}",2026-07-20 09:53:34.963488
d55f9396-9421-47ea-94aa-40d9d3ab9e4c,023dbaa8-e0f3-40bf-83ec-89f521dd12c8,93fe971e-608a-4274-882b-422f49c87406,yaoshibang,葛泰 地奥司明片,1,840884379,药实在,https://dian.ysbang.cn/#/druginfo?wholesaleId=840884379&providerId=18650,10盒包邮 葛泰 地奥司明片0.45g*20片,16.17,new_store,pending_detail_verification,pending_assignment,False,责任档案未匹配的新店,"{""rank"": 1, ""title"": ""10盒包邮 葛泰 地奥司明片0.45g*20片"", ""price"": ""16.17"", ""spec"": ""0.45g*20片"", ""shop"": ""药实在"", ""wholesale_id"": ""840884379"", ""provider_id"": ""18650"", ""manufacturer"": ""南京正大天晴制药有限公司"", ""unit"": ""盒"", ""stock"": ""4835"", ""url"": ""https://dian.ysbang.cn/#/druginfo?wholesaleId=840884379&providerId=18650""}",2026-07-20 09:53:34.963463
e326f50a-f7c5-4ecb-b37a-cd702a609758,023dbaa8-e0f3-40bf-83ec-89f521dd12c8,93fe971e-608a-4274-882b-422f49c87406,yaoshibang,葛泰 地奥司明片,2,851072544,药店品种预约中心,https://dian.ysbang.cn/#/druginfo?wholesaleId=851072544&providerId=4788,11盒包邮 葛泰 地奥司明片0.45g*24片,19.90,new_store,pending_detail_verification,pending_assignment,False,责任档案未匹配的新店,"{""rank"": 2, ""title"": ""11盒包邮 葛泰 地奥司明片0.45g*24片"", ""price"": ""19.90"", ""spec"": ""0.45g*24片"", ""shop"": ""药店品种预约中心"", ""wholesale_id"": ""851072544"", ""provider_id"": ""4788"", ""manufacturer"": ""南京正大天晴制药有限公司"", ""unit"": ""盒"", ""stock"": ""30"", ""url"": ""https://dian.ysbang.cn/#/druginfo?wholesaleId=851072544&providerId=4788""}",2026-07-20 09:53:34.963468
f529d7a5-2a3f-456b-a617-c54a9da06b10,023dbaa8-e0f3-40bf-83ec-89f521dd12c8,93fe971e-608a-4274-882b-422f49c87406,yaoshibang,葛泰 地奥司明片,11,921769408,药实在,https://dian.ysbang.cn/#/druginfo?wholesaleId=921769408&providerId=18650,10盒包邮 葛泰 地奥司明片0.45g*24片,20.79,new_store,pending_detail_verification,pending_assignment,False,责任档案未匹配的新店,"{""rank"": 11, ""title"": ""10盒包邮 葛泰 地奥司明片0.45g*24片"", ""price"": ""20.79"", ""spec"": ""0.45g*24片"", ""shop"": ""药实在"", ""wholesale_id"": ""921769408"", ""provider_id"": ""18650"", ""manufacturer"": ""南京正大天晴制药有限公司"", ""unit"": ""盒"", ""stock"": ""1461"", ""url"": ""https://dian.ysbang.cn/#/druginfo?wholesaleId=921769408&providerId=18650""}",2026-07-20 09:53:34.963490
44918ecf-672c-4119-8f8e-d3bbdfe438ae,023dbaa8-e0f3-40bf-83ec-89f521dd12c8,bc1b5923-0ebb-43ce-9e78-e9f93cbbb069,taobao,优立维 硫酸氢氯吡格雷片,3,1016504739977,上元堂大药房旗舰店,https://item.taobao.com/item.htm?id=1016504739977,优立维 75mg*14片/盒 硫酸氢氯吡格雷片,¥5.79,new_store,pending_detail_verification,pending_assignment,False,责任档案未匹配的新店,"{""item_id"": ""1016504739977"", ""location"": ""江苏南京"", ""price"": ""¥5.79"", ""rank"": 3, ""sales"": ""11人付款"", ""shop"": ""上元堂大药房旗舰店"", ""title"": ""优立维 75mg*14片/盒 硫酸氢氯吡格雷片"", ""url"": ""https://item.taobao.com/item.htm?id=1016504739977""}",2026-07-20 09:49:36.419922
bc48ba2d-d345-4140-81d9-3cf781738c55,023dbaa8-e0f3-40bf-83ec-89f521dd12c8,bc1b5923-0ebb-43ce-9e78-e9f93cbbb069,taobao,优立维 硫酸氢氯吡格雷片,1,1034532947139,健尔堂大药房旗舰店,https://item.taobao.com/item.htm?id=1034532947139,优立维 75mg*48片/盒 硫酸氢氯吡格雷片,¥28,new_store,pending_detail_verification,pending_assignment,False,责任档案未匹配的新店,"{""item_id"": ""1034532947139"", ""location"": ""四川成都"", ""price"": ""¥28"", ""rank"": 1, ""sales"": ""600+人付款"", ""shop"": ""健尔堂大药房旗舰店"", ""title"": ""优立维 75mg*48片/盒 硫酸氢氯吡格雷片"", ""url"": ""https://item.taobao.com/item.htm?id=1034532947139""}",2026-07-20 09:49:36.419913
54c65ade-c49b-4bcc-8dcd-7f8bd34e43f9,023dbaa8-e0f3-40bf-83ec-89f521dd12c8,bc1b5923-0ebb-43ce-9e78-e9f93cbbb069,taobao,优立维 硫酸氢氯吡格雷片,4,1064581889295,小药典药品专营店,https://item.taobao.com/item.htm?id=1064581889295,波立维 波立维 硫酸氢氯吡格雷片 75mg*7片/盒,¥27,new_store,pending_detail_verification,pending_assignment,False,责任档案未匹配的新店,"{""item_id"": ""1064581889295"", ""location"": ""广东惠州"", ""price"": ""¥27"", ""rank"": 4, ""sales"": ""0人付款"", ""shop"": ""小药典药品专营店"", ""title"": ""波立维 波立维 硫酸氢氯吡格雷片 75mg*7片/盒"", ""url"": ""https://item.taobao.com/item.htm?id=1064581889295""}",2026-07-20 09:49:36.419924
5fb58b01-994e-4068-b5d1-e3d907ebfe85,023dbaa8-e0f3-40bf-83ec-89f521dd12c8,bc1b5923-0ebb-43ce-9e78-e9f93cbbb069,taobao,优立维 硫酸氢氯吡格雷片,5,681162096935,同德堂大药房旗舰店,https://item.taobao.com/item.htm?id=681162096935,优立维 75mg*7片/盒 硫酸氢氯吡格雷片,¥12.5,new_store,pending_detail_verification,pending_assignment,False,责任档案未匹配的新店,"{""item_id"": ""681162096935"", ""location"": ""山东枣庄"", ""price"": ""¥12.5"", ""rank"": 5, ""sales"": ""0人付款"", ""shop"": ""同德堂大药房旗舰店"", ""title"": ""优立维 75mg*7片/盒 硫酸氢氯吡格雷片"", ""url"": ""https://item.taobao.com/item.htm?id=681162096935""}",2026-07-20 09:49:36.419927
3cd81651-8635-4b94-8f5c-fffd327ea431,023dbaa8-e0f3-40bf-83ec-89f521dd12c8,bc1b5923-0ebb-43ce-9e78-e9f93cbbb069,taobao,优立维 硫酸氢氯吡格雷片,2,775678181447,美锐大药房旗舰店,https://item.taobao.com/item.htm?id=775678181447,优立维 硫酸氢氯吡格雷片 75mg*36片/盒,¥20.8,new_store,pending_detail_verification,pending_assignment,False,责任档案未匹配的新店,"{""item_id"": ""775678181447"", ""location"": ""河南信阳"", ""price"": ""¥20.8"", ""rank"": 2, ""sales"": ""37人付款"", ""shop"": ""美锐大药房旗舰店"", ""title"": ""优立维 硫酸氢氯吡格雷片 75mg*36片/盒"", ""url"": ""https://item.taobao.com/item.htm?id=775678181447""}",2026-07-20 09:49:36.419920
778d15b6-8eb9-41a9-81d3-24f6fa7f228c,023dbaa8-e0f3-40bf-83ec-89f521dd12c8,bc1b5923-0ebb-43ce-9e78-e9f93cbbb069,yaoshibang,优立维 硫酸氢氯吡格雷片,11,1128346872,宏洲旗舰店,https://dian.ysbang.cn/#/druginfo?wholesaleId=1128346872&providerId=493,10盒包邮 优立维 硫酸氢氯吡格雷片75mg*12片*3板,33.89,new_store,pending_detail_verification,pending_assignment,False,责任档案未匹配的新店,"{""rank"": 11, ""title"": ""10盒包邮 优立维 硫酸氢氯吡格雷片75mg*12片*3板"", ""price"": ""33.89"", ""spec"": ""75mg*12片*3板"", ""shop"": ""宏洲旗舰店"", ""wholesale_id"": ""1128346872"", ""provider_id"": ""493"", ""manufacturer"": ""南京正大天晴制药有限公司"", ""unit"": ""盒"", ""stock"": ""197"", ""url"": ""https://dian.ysbang.cn/#/druginfo?wholesaleId=1128346872&providerId=493""}",2026-07-20 09:54:28.494459
b6f4dd9d-4cb2-48ba-a1e9-a8d6646a83f9,023dbaa8-e0f3-40bf-83ec-89f521dd12c8,bc1b5923-0ebb-43ce-9e78-e9f93cbbb069,yaoshibang,优立维 硫酸氢氯吡格雷片,9,1150912373,,https://dian.ysbang.cn/#/druginfo?wholesaleId=1150912373&providerId=5443,1盒起购 优立维 硫酸氢氯吡格雷片75mg*12片*3板,33.82,new_store,pending_detail_verification,pending_assignment,False,责任档案未匹配的新店,"{""rank"": 9, ""title"": ""1盒起购 优立维 硫酸氢氯吡格雷片75mg*12片*3板"", ""price"": ""33.82"", ""spec"": ""75mg*12片*3板"", ""shop"": """", ""wholesale_id"": ""1150912373"", ""provider_id"": ""5443"", ""manufacturer"": ""南京正大天晴制药有限公司"", ""unit"": ""盒"", ""stock"": ""160"", ""url"": ""https://dian.ysbang.cn/#/druginfo?wholesaleId=1150912373&providerId=5443""}",2026-07-20 09:54:28.494454
dd5eef72-61e9-4737-b6dc-e2a56a5fc81a,023dbaa8-e0f3-40bf-83ec-89f521dd12c8,bc1b5923-0ebb-43ce-9e78-e9f93cbbb069,yaoshibang,优立维 硫酸氢氯吡格雷片,5,1218595453,五星药师,https://dian.ysbang.cn/#/druginfo?wholesaleId=1218595453&providerId=9042,5盒包邮 优立维 硫酸氢氯吡格雷片75mg*12片*3板,33.89,new_store,pending_detail_verification,pending_assignment,False,责任档案未匹配的新店,"{""rank"": 5, ""title"": ""5盒包邮 优立维 硫酸氢氯吡格雷片75mg*12片*3板"", ""price"": ""33.89"", ""spec"": ""75mg*12片*3板"", ""shop"": ""五星药师"", ""wholesale_id"": ""1218595453"", ""provider_id"": ""9042"", ""manufacturer"": ""南京正大天晴制药有限公司"", ""unit"": ""盒"", ""stock"": ""306"", ""url"": ""https://dian.ysbang.cn/#/druginfo?wholesaleId=1218595453&providerId=9042""}",2026-07-20 09:54:28.494444
6a3bf070-f740-4cff-af91-dd7c02454d85,023dbaa8-e0f3-40bf-83ec-89f521dd12c8,bc1b5923-0ebb-43ce-9e78-e9f93cbbb069,yaoshibang,优立维 硫酸氢氯吡格雷片,2,1246496721,乐药购,https://dian.ysbang.cn/#/druginfo?wholesaleId=1246496721&providerId=2758,1盒起购 优立维 硫酸氢氯吡格雷片75mg*12片*3板,30.24,new_store,pending_detail_verification,pending_assignment,False,责任档案未匹配的新店,"{""rank"": 2, ""title"": ""1盒起购 优立维 硫酸氢氯吡格雷片75mg*12片*3板"", ""price"": ""30.24"", ""spec"": ""75mg*12片*3板"", ""shop"": ""乐药购"", ""wholesale_id"": ""1246496721"", ""provider_id"": ""2758"", ""manufacturer"": ""南京正大天晴制药有限公司"", ""unit"": ""盒"", ""stock"": ""72"", ""url"": ""https://dian.ysbang.cn/#/druginfo?wholesaleId=1246496721&providerId=2758""}",2026-07-20 09:54:28.494436
02c60502-cdad-4187-afbc-42d5d2a61c15,023dbaa8-e0f3-40bf-83ec-89f521dd12c8,bc1b5923-0ebb-43ce-9e78-e9f93cbbb069,yaoshibang,优立维 硫酸氢氯吡格雷片,7,1251526498,药要灵,https://dian.ysbang.cn/#/druginfo?wholesaleId=1251526498&providerId=10199,10盒包邮 优立维 硫酸氢氯吡格雷片75mg*12片*3板,33.89,new_store,pending_detail_verification,pending_assignment,False,责任档案未匹配的新店,"{""rank"": 7, ""title"": ""10盒包邮 优立维 硫酸氢氯吡格雷片75mg*12片*3板"", ""price"": ""33.89"", ""spec"": ""75mg*12片*3板"", ""shop"": ""药要灵"", ""wholesale_id"": ""1251526498"", ""provider_id"": ""10199"", ""manufacturer"": ""南京正大天晴制药有限公司"", ""unit"": ""盒"", ""stock"": ""124"", ""url"": ""https://dian.ysbang.cn/#/druginfo?wholesaleId=1251526498&providerId=10199""}",2026-07-20 09:54:28.494450
e38a7434-b753-48ff-ac1c-efec5f5390b6,023dbaa8-e0f3-40bf-83ec-89f521dd12c8,bc1b5923-0ebb-43ce-9e78-e9f93cbbb069,yaoshibang,优立维 硫酸氢氯吡格雷片,8,1255443204,众佳康,https://dian.ysbang.cn/#/druginfo?wholesaleId=1255443204&providerId=8889,1盒起购 优立维 硫酸氢氯吡格雷片75mg*12片*3板,31.40,new_store,pending_detail_verification,pending_assignment,False,责任档案未匹配的新店,"{""rank"": 8, ""title"": ""1盒起购 优立维 硫酸氢氯吡格雷片75mg*12片*3板"", ""price"": ""31.40"", ""spec"": ""75mg*12片*3板"", ""shop"": ""众佳康"", ""wholesale_id"": ""1255443204"", ""provider_id"": ""8889"", ""manufacturer"": ""南京正大天晴制药有限公司"", ""unit"": ""盒"", ""stock"": ""118"", ""url"": ""https://dian.ysbang.cn/#/druginfo?wholesaleId=1255443204&providerId=8889""}",2026-07-20 09:54:28.494452
52eba470-1953-4229-841d-1df3cf68f99e,023dbaa8-e0f3-40bf-83ec-89f521dd12c8,bc1b5923-0ebb-43ce-9e78-e9f93cbbb069,yaoshibang,优立维 硫酸氢氯吡格雷片,20,1270718810,陕药药旗舰店,https://dian.ysbang.cn/#/druginfo?wholesaleId=1270718810&providerId=19000,1盒起购 优立维 硫酸氢氯吡格雷片75mg*12片*3板,32.00,new_store,pending_detail_verification,pending_assignment,False,责任档案未匹配的新店,"{""rank"": 20, ""title"": ""1盒起购 优立维 硫酸氢氯吡格雷片75mg*12片*3板"", ""price"": ""32.00"", ""spec"": ""75mg*12片*3板"", ""shop"": ""陕药药旗舰店"", ""wholesale_id"": ""1270718810"", ""provider_id"": ""19000"", ""manufacturer"": ""南京正大天晴制药有限公司"", ""unit"": ""盒"", ""stock"": ""10"", ""url"": ""https://dian.ysbang.cn/#/druginfo?wholesaleId=1270718810&providerId=19000""}",2026-07-20 09:54:28.494480
5e4f7079-0f40-4842-b9fc-4a66156d17cc,023dbaa8-e0f3-40bf-83ec-89f521dd12c8,bc1b5923-0ebb-43ce-9e78-e9f93cbbb069,yaoshibang,优立维 硫酸氢氯吡格雷片,18,1281274646,楚药行,https://dian.ysbang.cn/#/druginfo?wholesaleId=1281274646&providerId=3411,15盒起购 优立维 硫酸氢氯吡格雷片75mg*7片,7.42,new_store,pending_detail_verification,pending_assignment,False,责任档案未匹配的新店,"{""rank"": 18, ""title"": ""15盒起购 优立维 硫酸氢氯吡格雷片75mg*7片"", ""price"": ""7.42"", ""spec"": ""75mg*7片"", ""shop"": ""楚药行"", ""wholesale_id"": ""1281274646"", ""provider_id"": ""3411"", ""manufacturer"": ""南京正大天晴制药有限公司"", ""unit"": ""盒"", ""stock"": ""90"", ""url"": ""https://dian.ysbang.cn/#/druginfo?wholesaleId=1281274646&providerId=3411""}",2026-07-20 09:54:28.494475
7caf1344-c3f7-43c5-8f8a-5d90a01fb4a8,023dbaa8-e0f3-40bf-83ec-89f521dd12c8,bc1b5923-0ebb-43ce-9e78-e9f93cbbb069,yaoshibang,优立维 硫酸氢氯吡格雷片,13,1282132196,楚药行,https://dian.ysbang.cn/#/druginfo?wholesaleId=1282132196&providerId=3411,1盒起购 优立维 硫酸氢氯吡格雷片75mg*12片*3板,34.27,new_store,pending_detail_verification,pending_assignment,False,责任档案未匹配的新店,"{""rank"": 13, ""title"": ""1盒起购 优立维 硫酸氢氯吡格雷片75mg*12片*3板"", ""price"": ""34.27"", ""spec"": ""75mg*12片*3板"", ""shop"": ""楚药行"", ""wholesale_id"": ""1282132196"", ""provider_id"": ""3411"", ""manufacturer"": ""南京正大天晴制药有限公司"", ""unit"": ""盒"", ""stock"": ""80"", ""url"": ""https://dian.ysbang.cn/#/druginfo?wholesaleId=1282132196&providerId=3411""}",2026-07-20 09:54:28.494464
083277b4-d2eb-4d7c-aab7-40c7ab36b2c9,023dbaa8-e0f3-40bf-83ec-89f521dd12c8,bc1b5923-0ebb-43ce-9e78-e9f93cbbb069,yaoshibang,优立维 硫酸氢氯吡格雷片,10,1283870859,,https://dian.ysbang.cn/#/druginfo?wholesaleId=1283870859&providerId=781,6盒包邮 优立维 硫酸氢氯吡格雷片75mg*12片*3板 有效期至2028-09,33.90,new_store,pending_detail_verification,pending_assignment,False,责任档案未匹配的新店,"{""rank"": 10, ""title"": ""6盒包邮 优立维 硫酸氢氯吡格雷片75mg*12片*3板 有效期至2028-09"", ""price"": ""33.90"", ""spec"": ""75mg*12片*3板"", ""shop"": """", ""wholesale_id"": ""1283870859"", ""provider_id"": ""781"", ""manufacturer"": ""南京正大天晴制药有限公司"", ""unit"": ""盒"", ""stock"": ""153"", ""url"": ""https://dian.ysbang.cn/#/druginfo?wholesaleId=1283870859&providerId=781""}",2026-07-20 09:54:28.494457
7908d142-ca00-477e-acfb-b10ab05528e4,023dbaa8-e0f3-40bf-83ec-89f521dd12c8,bc1b5923-0ebb-43ce-9e78-e9f93cbbb069,yaoshibang,优立维 硫酸氢氯吡格雷片,1,1288649240,迪沙药业,https://dian.ysbang.cn/#/druginfo?wholesaleId=1288649240&providerId=5508,40盒包邮 优立维 硫酸氢氯吡格雷片75mg*7片,6.14,new_store,pending_detail_verification,pending_assignment,False,责任档案未匹配的新店,"{""rank"": 1, ""title"": ""40盒包邮 优立维 硫酸氢氯吡格雷片75mg*7片"", ""price"": ""6.14"", ""spec"": ""75mg*7片"", ""shop"": ""迪沙药业"", ""wholesale_id"": ""1288649240"", ""provider_id"": ""5508"", ""manufacturer"": ""南京正大天晴制药有限公司"", ""unit"": ""盒"", ""stock"": ""120"", ""url"": ""https://dian.ysbang.cn/#/druginfo?wholesaleId=1288649240&providerId=5508""}",2026-07-20 09:54:28.494430
2f07cd2c-a268-4963-9448-901497aa5de4,023dbaa8-e0f3-40bf-83ec-89f521dd12c8,bc1b5923-0ebb-43ce-9e78-e9f93cbbb069,yaoshibang,优立维 硫酸氢氯吡格雷片,6,1290664186,腾达药跃旗舰店,https://dian.ysbang.cn/#/druginfo?wholesaleId=1290664186&providerId=10115,5盒包邮 优立维 硫酸氢氯吡格雷片75mg*12片*3板,33.89,new_store,pending_detail_verification,pending_assignment,False,责任档案未匹配的新店,"{""rank"": 6, ""title"": ""5盒包邮 优立维 硫酸氢氯吡格雷片75mg*12片*3板"", ""price"": ""33.89"", ""spec"": ""75mg*12片*3板"", ""shop"": ""腾达药跃旗舰店"", ""wholesale_id"": ""1290664186"", ""provider_id"": ""10115"", ""manufacturer"": ""南京正大天晴制药有限公司"", ""unit"": ""盒"", ""stock"": ""155"", ""url"": ""https://dian.ysbang.cn/#/druginfo?wholesaleId=1290664186&providerId=10115""}",2026-07-20 09:54:28.494447
5f2873b6-22b4-4edd-a5d2-f4cc802a2994,023dbaa8-e0f3-40bf-83ec-89f521dd12c8,bc1b5923-0ebb-43ce-9e78-e9f93cbbb069,yaoshibang,优立维 硫酸氢氯吡格雷片,14,1293220871,湘品汇,https://dian.ysbang.cn/#/druginfo?wholesaleId=1293220871&providerId=2091,6盒包邮 优立维 硫酸氢氯吡格雷片75mg*12片*3板,34.68,new_store,pending_detail_verification,pending_assignment,False,责任档案未匹配的新店,"{""rank"": 14, ""title"": ""6盒包邮 优立维 硫酸氢氯吡格雷片75mg*12片*3板"", ""price"": ""34.68"", ""spec"": ""75mg*12片*3板"", ""shop"": ""湘品汇"", ""wholesale_id"": ""1293220871"", ""provider_id"": ""2091"", ""manufacturer"": ""南京正大天晴制药有限公司"", ""unit"": ""盒"", ""stock"": ""299"", ""url"": ""https://dian.ysbang.cn/#/druginfo?wholesaleId=1293220871&providerId=2091""}",2026-07-20 09:54:28.494466
3d52aba8-9625-41aa-baa9-dfedd9a5b924,023dbaa8-e0f3-40bf-83ec-89f521dd12c8,bc1b5923-0ebb-43ce-9e78-e9f93cbbb069,yaoshibang,优立维 硫酸氢氯吡格雷片,3,1293419328,乐药购,https://dian.ysbang.cn/#/druginfo?wholesaleId=1293419328&providerId=2758,1盒【+3元运费】包邮 优立维 硫酸氢氯吡格雷片75mg*12片*3板,30.90,new_store,pending_detail_verification,pending_assignment,False,责任档案未匹配的新店,"{""rank"": 3, ""title"": ""1盒【+3元运费】包邮 优立维 硫酸氢氯吡格雷片75mg*12片*3板"", ""price"": ""30.90"", ""spec"": ""75mg*12片*3板"", ""shop"": ""乐药购"", ""wholesale_id"": ""1293419328"", ""provider_id"": ""2758"", ""manufacturer"": ""南京正大天晴制药有限公司"", ""unit"": ""盒"", ""stock"": ""72"", ""url"": ""https://dian.ysbang.cn/#/druginfo?wholesaleId=1293419328&providerId=2758""}",2026-07-20 09:54:28.494439
5dae3994-3dfb-4df6-95c7-3804cdc2f164,023dbaa8-e0f3-40bf-83ec-89f521dd12c8,bc1b5923-0ebb-43ce-9e78-e9f93cbbb069,yaoshibang,优立维 硫酸氢氯吡格雷片,15,1296184766,全药集,https://dian.ysbang.cn/#/druginfo?wholesaleId=1296184766&providerId=15376,20盒包邮 优立维 硫酸氢氯吡格雷片75mg*7片,6.94,new_store,pending_detail_verification,pending_assignment,False,责任档案未匹配的新店,"{""rank"": 15, ""title"": ""20盒包邮 优立维 硫酸氢氯吡格雷片75mg*7片"", ""price"": ""6.94"", ""spec"": ""75mg*7片"", ""shop"": ""全药集"", ""wholesale_id"": ""1296184766"", ""provider_id"": ""15376"", ""manufacturer"": ""南京正大天晴制药有限公司"", ""unit"": ""盒"", ""stock"": ""20"", ""url"": ""https://dian.ysbang.cn/#/druginfo?wholesaleId=1296184766&providerId=15376""}",2026-07-20 09:54:28.494468
3f4887bd-dc7b-4b68-8058-451f6ac380ba,023dbaa8-e0f3-40bf-83ec-89f521dd12c8,bc1b5923-0ebb-43ce-9e78-e9f93cbbb069,yaoshibang,优立维 硫酸氢氯吡格雷片,17,1296243412,润标医药,https://dian.ysbang.cn/#/druginfo?wholesaleId=1296243412&providerId=3448,20盒包邮 优立维 硫酸氢氯吡格雷片75mg*7片,7.31,new_store,pending_detail_verification,pending_assignment,False,责任档案未匹配的新店,"{""rank"": 17, ""title"": ""20盒包邮 优立维 硫酸氢氯吡格雷片75mg*7片"", ""price"": ""7.31"", ""spec"": ""75mg*7片"", ""shop"": ""润标医药"", ""wholesale_id"": ""1296243412"", ""provider_id"": ""3448"", ""manufacturer"": ""南京正大天晴制药有限公司"", ""unit"": ""盒"", ""stock"": ""40"", ""url"": ""https://dian.ysbang.cn/#/druginfo?wholesaleId=1296243412&providerId=3448""}",2026-07-20 09:54:28.494473
2e299269-fba2-42f8-a777-991140b1e57c,023dbaa8-e0f3-40bf-83ec-89f521dd12c8,bc1b5923-0ebb-43ce-9e78-e9f93cbbb069,yaoshibang,优立维 硫酸氢氯吡格雷片,4,1297092504,立美克,https://dian.ysbang.cn/#/druginfo?wholesaleId=1297092504&providerId=19055,45盒包邮 优立维 硫酸氢氯吡格雷片75mg*7片,6.46,new_store,pending_detail_verification,pending_assignment,False,责任档案未匹配的新店,"{""rank"": 4, ""title"": ""45盒包邮 优立维 硫酸氢氯吡格雷片75mg*7片"", ""price"": ""6.46"", ""spec"": ""75mg*7片"", ""shop"": ""立美克"", ""wholesale_id"": ""1297092504"", ""provider_id"": ""19055"", ""manufacturer"": ""南京正大天晴制药有限公司"", ""unit"": ""盒"", ""stock"": ""120"", ""url"": ""https://dian.ysbang.cn/#/druginfo?wholesaleId=1297092504&providerId=19055""}",2026-07-20 09:54:28.494441
c8720057-463d-44af-982b-0b078ba96de4,023dbaa8-e0f3-40bf-83ec-89f521dd12c8,bc1b5923-0ebb-43ce-9e78-e9f93cbbb069,yaoshibang,优立维 硫酸氢氯吡格雷片,16,1297327873,湖北宁安堂药业,https://dian.ysbang.cn/#/druginfo?wholesaleId=1297327873&providerId=17588,5盒起购 优立维 硫酸氢氯吡格雷片75mg*12片*3板,35.72,new_store,pending_detail_verification,pending_assignment,False,责任档案未匹配的新店,"{""rank"": 16, ""title"": ""5盒起购 优立维 硫酸氢氯吡格雷片75mg*12片*3板"", ""price"": ""35.72"", ""spec"": ""75mg*12片*3板"", ""shop"": ""湖北宁安堂药业"", ""wholesale_id"": ""1297327873"", ""provider_id"": ""17588"", ""manufacturer"": ""南京正大天晴制药有限公司"", ""unit"": ""盒"", ""stock"": ""160"", ""url"": ""https://dian.ysbang.cn/#/druginfo?wholesaleId=1297327873&providerId=17588""}",2026-07-20 09:54:28.494471
104e6258-b3c5-45a4-8335-e501ce37b850,023dbaa8-e0f3-40bf-83ec-89f521dd12c8,bc1b5923-0ebb-43ce-9e78-e9f93cbbb069,yaoshibang,优立维 硫酸氢氯吡格雷片,12,276608096,德盛兴,https://dian.ysbang.cn/#/druginfo?wholesaleId=276608096&providerId=4385,20盒包邮 优立维 硫酸氢氯吡格雷片75mg*7片,6.85,new_store,pending_detail_verification,pending_assignment,False,责任档案未匹配的新店,"{""rank"": 12, ""title"": ""20盒包邮 优立维 硫酸氢氯吡格雷片75mg*7片"", ""price"": ""6.85"", ""spec"": ""75mg*7片"", ""shop"": ""德盛兴"", ""wholesale_id"": ""276608096"", ""provider_id"": ""4385"", ""manufacturer"": ""南京正大天晴制药有限公司"", ""unit"": ""盒"", ""stock"": ""84"", ""url"": ""https://dian.ysbang.cn/#/druginfo?wholesaleId=276608096&providerId=4385""}",2026-07-20 09:54:28.494461
75def142-c887-493e-9bbf-5a25c7b8e28d,023dbaa8-e0f3-40bf-83ec-89f521dd12c8,bc1b5923-0ebb-43ce-9e78-e9f93cbbb069,yaoshibang,优立维 硫酸氢氯吡格雷片,19,841489443,湖湘药业药灵灵,https://dian.ysbang.cn/#/druginfo?wholesaleId=841489443&providerId=8523,11盒包邮 优立维 硫酸氢氯吡格雷片75mg*7片,10.50,new_store,pending_detail_verification,pending_assignment,False,责任档案未匹配的新店,"{""rank"": 19, ""title"": ""11盒包邮 优立维 硫酸氢氯吡格雷片75mg*7片"", ""price"": ""10.50"", ""spec"": ""75mg*7片"", ""shop"": ""湖湘药业药灵灵"", ""wholesale_id"": ""841489443"", ""provider_id"": ""8523"", ""manufacturer"": ""南京正大天晴制药有限公司"", ""unit"": ""盒"", ""stock"": ""12"", ""url"": ""https://dian.ysbang.cn/#/druginfo?wholesaleId=841489443&providerId=8523""}",2026-07-20 09:54:28.494478
3cd37017-3bd0-4d3a-a0cb-97d988d28f23,023dbaa8-e0f3-40bf-83ec-89f521dd12c8,f84641b2-d406-4376-8a85-1e4b778c6989,taobao,依伦平 厄贝沙坦氢氯噻嗪片,4,587681721605,奇冠大药房旗舰店,https://item.taobao.com/item.htm?id=587681721605,依伦平 厄贝沙坦氢氯噻嗪片 7片/盒,¥7.14,new_store,pending_detail_verification,pending_assignment,False,责任档案未匹配的新店,"{""item_id"": ""587681721605"", ""location"": ""江苏南京"", ""price"": ""¥7.14"", ""rank"": 4, ""sales"": ""100+人付款"", ""shop"": ""奇冠大药房旗舰店"", ""title"": ""依伦平 厄贝沙坦氢氯噻嗪片 7片/盒"", ""url"": ""https://item.taobao.com/item.htm?id=587681721605""}",2026-07-20 09:48:44.840695
3839612f-023e-4e11-8efb-2272de97b625,023dbaa8-e0f3-40bf-83ec-89f521dd12c8,f84641b2-d406-4376-8a85-1e4b778c6989,taobao,依伦平 厄贝沙坦氢氯噻嗪片,1,674234987846,依伦平旗舰店,https://item.taobao.com/item.htm?id=674234987846,依伦平 150mg:12.5mg*14片/盒 厄贝沙坦氢氯噻嗪片,¥14.3,new_store,pending_detail_verification,pending_assignment,False,责任档案未匹配的新店,"{""item_id"": ""674234987846"", ""location"": ""浙江杭州"", ""price"": ""¥14.3"", ""rank"": 1, ""sales"": ""2000+人付款"", ""shop"": ""依伦平旗舰店"", ""title"": ""依伦平 150mg:12.5mg*14片/盒 厄贝沙坦氢氯噻嗪片"", ""url"": ""https://item.taobao.com/item.htm?id=674234987846""}",2026-07-20 09:48:44.840682
266effb4-6c49-4a92-ac16-53eaf3aa87c6,023dbaa8-e0f3-40bf-83ec-89f521dd12c8,f84641b2-d406-4376-8a85-1e4b778c6989,taobao,依伦平 厄贝沙坦氢氯噻嗪片,5,675684220388,非凡大药房旗舰店,https://item.taobao.com/item.htm?id=675684220388,利培 厄贝沙坦氢氯噻嗪分散片 0.15g:12.5mg*14片/盒,¥10.5,not_match,pending_detail_verification,pending_assignment,False,标题不包含目标品牌或通用名,"{""item_id"": ""675684220388"", ""location"": ""江苏宿迁"", ""price"": ""¥10.5"", ""rank"": 5, ""sales"": ""300+人付款"", ""shop"": ""非凡大药房旗舰店"", ""title"": ""利培 厄贝沙坦氢氯噻嗪分散片 0.15g:12.5mg*14片/盒"", ""url"": ""https://item.taobao.com/item.htm?id=675684220388""}",2026-07-20 09:48:44.840698
d1e76fe6-70c0-48f3-9033-e2bc2b340185,023dbaa8-e0f3-40bf-83ec-89f521dd12c8,f84641b2-d406-4376-8a85-1e4b778c6989,taobao,依伦平 厄贝沙坦氢氯噻嗪片,3,676811555503,依伦平旗舰店,https://item.taobao.com/item.htm?id=676811555503,依伦平 厄贝沙坦氢氯噻嗪片 0.15g:12.5mg*14片/盒,¥85.8,new_store,pending_detail_verification,pending_assignment,False,责任档案未匹配的新店,"{""item_id"": ""676811555503"", ""location"": ""浙江杭州"", ""price"": ""¥85.8"", ""rank"": 3, ""sales"": ""100+人付款"", ""shop"": ""依伦平旗舰店"", ""title"": ""依伦平 厄贝沙坦氢氯噻嗪片 0.15g:12.5mg*14片/盒"", ""url"": ""https://item.taobao.com/item.htm?id=676811555503""}",2026-07-20 09:48:44.840693
19cc88b7-0cc8-4b25-943b-23ae8c0cc28d,023dbaa8-e0f3-40bf-83ec-89f521dd12c8,f84641b2-d406-4376-8a85-1e4b778c6989,taobao,依伦平 厄贝沙坦氢氯噻嗪片,2,852080134956,益丰大药房大药房旗舰店,https://item.taobao.com/item.htm?id=852080134956,依伦平 厄贝沙坦氢氯噻嗪片 0.15g:12.5mg*28片/盒,¥18.5,new_store,pending_detail_verification,pending_assignment,False,责任档案未匹配的新店,"{""item_id"": ""852080134956"", ""location"": ""上海"", ""price"": ""¥18.5"", ""rank"": 2, ""sales"": ""200+人付款"", ""shop"": ""益丰大药房大药房旗舰店"", ""title"": ""依伦平 厄贝沙坦氢氯噻嗪片 0.15g:12.5mg*28片/盒"", ""url"": ""https://item.taobao.com/item.htm?id=852080134956""}",2026-07-20 09:48:44.840689
8bb4a524-6556-4c31-86a4-b8d20e18eae3,023dbaa8-e0f3-40bf-83ec-89f521dd12c8,f84641b2-d406-4376-8a85-1e4b778c6989,yaoshibang,依伦平 厄贝沙坦氢氯噻嗪片,15,1061970854,众佳康,https://dian.ysbang.cn/#/druginfo?wholesaleId=1061970854&providerId=8889,1盒起购 依伦平 厄贝沙坦氢氯噻嗪片150mg:12.5mg*14片*2板,25.46,new_store,pending_detail_verification,pending_assignment,False,责任档案未匹配的新店,"{""rank"": 15, ""title"": ""1盒起购 依伦平 厄贝沙坦氢氯噻嗪片150mg:12.5mg*14片*2板"", ""price"": ""25.46"", ""spec"": ""150mg:12.5mg*14片*2板"", ""shop"": ""众佳康"", ""wholesale_id"": ""1061970854"", ""provider_id"": ""8889"", ""manufacturer"": ""南京正大天晴制药有限公司"", ""unit"": ""盒"", ""stock"": ""26"", ""url"": ""https://dian.ysbang.cn/#/druginfo?wholesaleId=1061970854&providerId=8889""}",2026-07-20 09:52:47.815894
22fbe855-8052-45b9-bf85-51c0b6357e99,023dbaa8-e0f3-40bf-83ec-89f521dd12c8,f84641b2-d406-4376-8a85-1e4b778c6989,yaoshibang,依伦平 厄贝沙坦氢氯噻嗪片,8,1121976664,药优捷,https://dian.ysbang.cn/#/druginfo?wholesaleId=1121976664&providerId=23037,1盒起购 依伦平 厄贝沙坦氢氯噻嗪片150mg:12.5mg*28片,23.80,new_store,pending_detail_verification,pending_assignment,False,责任档案未匹配的新店,"{""rank"": 8, ""title"": ""1盒起购 依伦平 厄贝沙坦氢氯噻嗪片150mg:12.5mg*28片"", ""price"": ""23.80"", ""spec"": ""150mg:12.5mg*28片"", ""shop"": ""药优捷"", ""wholesale_id"": ""1121976664"", ""provider_id"": ""23037"", ""manufacturer"": ""南京正大天晴制药有限公司"", ""unit"": ""盒"", ""stock"": ""3848"", ""url"": ""https://dian.ysbang.cn/#/druginfo?wholesaleId=1121976664&providerId=23037""}",2026-07-20 09:52:47.815878
411c2545-71dd-4fce-b099-fcb25db4451e,023dbaa8-e0f3-40bf-83ec-89f521dd12c8,f84641b2-d406-4376-8a85-1e4b778c6989,yaoshibang,依伦平 厄贝沙坦氢氯噻嗪片,7,1219757277,药灵阁,https://dian.ysbang.cn/#/druginfo?wholesaleId=1219757277&providerId=4812,10盒包邮 依伦平 厄贝沙坦氢氯噻嗪片150mg:12.5mg*28片,23.20,new_store,pending_detail_verification,pending_assignment,False,责任档案未匹配的新店,"{""rank"": 7, ""title"": ""10盒包邮 依伦平 厄贝沙坦氢氯噻嗪片150mg:12.5mg*28片"", ""price"": ""23.20"", ""spec"": ""150mg:12.5mg*28片"", ""shop"": ""药灵阁"", ""wholesale_id"": ""1219757277"", ""provider_id"": ""4812"", ""manufacturer"": ""南京正大天晴制药有限公司"", ""unit"": ""盒"", ""stock"": ""285"", ""url"": ""https://dian.ysbang.cn/#/druginfo?wholesaleId=1219757277&providerId=4812""}",2026-07-20 09:52:47.815876
ac14b5e9-7ef7-469f-afe3-b6abd5c3645a,023dbaa8-e0f3-40bf-83ec-89f521dd12c8,f84641b2-d406-4376-8a85-1e4b778c6989,yaoshibang,依伦平 厄贝沙坦氢氯噻嗪片,17,1240471873,安徽天宁医药,https://dian.ysbang.cn/#/druginfo?wholesaleId=1240471873&providerId=5018,30盒起购 依伦平 厄贝沙坦氢氯噻嗪片150mg:12.5mg*14片*2板,24.80,new_store,pending_detail_verification,pending_assignment,False,责任档案未匹配的新店,"{""rank"": 17, ""title"": ""30盒起购 依伦平 厄贝沙坦氢氯噻嗪片150mg:12.5mg*14片*2板"", ""price"": ""24.80"", ""spec"": ""150mg:12.5mg*14片*2板"", ""shop"": ""安徽天宁医药"", ""wholesale_id"": ""1240471873"", ""provider_id"": ""5018"", ""manufacturer"": ""南京正大天晴制药有限公司"", ""unit"": ""盒"", ""stock"": ""106"", ""url"": ""https://dian.ysbang.cn/#/druginfo?wholesaleId=1240471873&providerId=5018""}",2026-07-20 09:52:47.815899
5cac55be-873e-4bc4-a037-f4428b95515c,023dbaa8-e0f3-40bf-83ec-89f521dd12c8,f84641b2-d406-4376-8a85-1e4b778c6989,yaoshibang,依伦平 厄贝沙坦氢氯噻嗪片,19,1265643486,药掌柜旗舰店,https://dian.ysbang.cn/#/druginfo?wholesaleId=1265643486&providerId=11644,5盒包邮 依伦平 厄贝沙坦氢氯噻嗪片150mg:12.5mg*28片,24.74,new_store,pending_detail_verification,pending_assignment,False,责任档案未匹配的新店,"{""rank"": 19, ""title"": ""5盒包邮 依伦平 厄贝沙坦氢氯噻嗪片150mg:12.5mg*28片"", ""price"": ""24.74"", ""spec"": ""150mg:12.5mg*28片"", ""shop"": ""药掌柜旗舰店"", ""wholesale_id"": ""1265643486"", ""provider_id"": ""11644"", ""manufacturer"": ""南京正大天晴制药有限公司"", ""unit"": ""盒"", ""stock"": ""418"", ""url"": ""https://dian.ysbang.cn/#/druginfo?wholesaleId=1265643486&providerId=11644""}",2026-07-20 09:52:47.815903
19673842-ab43-446f-a966-15b39535f996,023dbaa8-e0f3-40bf-83ec-89f521dd12c8,f84641b2-d406-4376-8a85-1e4b778c6989,yaoshibang,依伦平 厄贝沙坦氢氯噻嗪片,11,1289239503,泓坤旗舰店,https://dian.ysbang.cn/#/druginfo?wholesaleId=1289239503&providerId=831,11盒包邮 依伦平 厄贝沙坦氢氯噻嗪片150mg:12.5mg*28片,23.03,new_store,pending_detail_verification,pending_assignment,False,责任档案未匹配的新店,"{""rank"": 11, ""title"": ""11盒包邮 依伦平 厄贝沙坦氢氯噻嗪片150mg:12.5mg*28片"", ""price"": ""23.03"", ""spec"": ""150mg:12.5mg*28片"", ""shop"": ""泓坤旗舰店"", ""wholesale_id"": ""1289239503"", ""provider_id"": ""831"", ""manufacturer"": ""南京正大天晴制药有限公司"", ""unit"": ""盒"", ""stock"": ""33"", ""url"": ""https://dian.ysbang.cn/#/druginfo?wholesaleId=1289239503&providerId=831""}",2026-07-20 09:52:47.815885
6562ce8e-ed5c-45c4-8d67-4153b68cb0a6,023dbaa8-e0f3-40bf-83ec-89f521dd12c8,f84641b2-d406-4376-8a85-1e4b778c6989,yaoshibang,依伦平 厄贝沙坦氢氯噻嗪片,2,1293002858,乐宇旗舰店,https://dian.ysbang.cn/#/druginfo?wholesaleId=1293002858&providerId=3178,10盒包邮 依伦平 厄贝沙坦氢氯噻嗪片150mg:12.5mg*28片,22.95,new_store,pending_detail_verification,pending_assignment,False,责任档案未匹配的新店,"{""rank"": 2, ""title"": ""10盒包邮 依伦平 厄贝沙坦氢氯噻嗪片150mg:12.5mg*28片"", ""price"": ""22.95"", ""spec"": ""150mg:12.5mg*28片"", ""shop"": ""乐宇旗舰店"", ""wholesale_id"": ""1293002858"", ""provider_id"": ""3178"", ""manufacturer"": ""南京正大天晴制药有限公司"", ""unit"": ""盒"", ""stock"": ""31"", ""url"": ""https://dian.ysbang.cn/#/druginfo?wholesaleId=1293002858&providerId=3178""}",2026-07-20 09:52:47.815863
96f9f5d1-1eac-421e-affb-f0ce1a318bc2,023dbaa8-e0f3-40bf-83ec-89f521dd12c8,f84641b2-d406-4376-8a85-1e4b778c6989,yaoshibang,依伦平 厄贝沙坦氢氯噻嗪片,13,1296182633,全药集,https://dian.ysbang.cn/#/druginfo?wholesaleId=1296182633&providerId=15376,6盒包邮 依伦平 厄贝沙坦氢氯噻嗪片150mg:12.5mg*28片,23.54,new_store,pending_detail_verification,pending_assignment,False,责任档案未匹配的新店,"{""rank"": 13, ""title"": ""6盒包邮 依伦平 厄贝沙坦氢氯噻嗪片150mg:12.5mg*28片"", ""price"": ""23.54"", ""spec"": ""150mg:12.5mg*28片"", ""shop"": ""全药集"", ""wholesale_id"": ""1296182633"", ""provider_id"": ""15376"", ""manufacturer"": ""南京正大天晴制药有限公司"", ""unit"": ""盒"", ""stock"": ""6"", ""url"": ""https://dian.ysbang.cn/#/druginfo?wholesaleId=1296182633&providerId=15376""}",2026-07-20 09:52:47.815890
a81887b0-0b45-437c-ae98-4ea2bda5d5a2,023dbaa8-e0f3-40bf-83ec-89f521dd12c8,f84641b2-d406-4376-8a85-1e4b778c6989,yaoshibang,依伦平 厄贝沙坦氢氯噻嗪片,10,154092458,天慈健,https://dian.ysbang.cn/#/druginfo?wholesaleId=154092458&providerId=823,10盒包邮 依伦平 厄贝沙坦氢氯噻嗪片150mg:12.5mg*28片,24.31,new_store,pending_detail_verification,pending_assignment,False,责任档案未匹配的新店,"{""rank"": 10, ""title"": ""10盒包邮 依伦平 厄贝沙坦氢氯噻嗪片150mg:12.5mg*28片"", ""price"": ""24.31"", ""spec"": ""150mg:12.5mg*28片"", ""shop"": ""天慈健"", ""wholesale_id"": ""154092458"", ""provider_id"": ""823"", ""manufacturer"": ""南京正大天晴制药有限公司"", ""unit"": ""盒"", ""stock"": ""200"", ""url"": ""https://dian.ysbang.cn/#/druginfo?wholesaleId=154092458&providerId=823""}",2026-07-20 09:52:47.815883
321d1114-7105-492d-820b-5970a0153313,023dbaa8-e0f3-40bf-83ec-89f521dd12c8,f84641b2-d406-4376-8a85-1e4b778c6989,yaoshibang,依伦平 厄贝沙坦氢氯噻嗪片,3,162440543,药店品种预约中心,https://dian.ysbang.cn/#/druginfo?wholesaleId=162440543&providerId=4788,10盒包邮 依伦平 厄贝沙坦氢氯噻嗪片150mg:12.5mg*28片,22.89,new_store,pending_detail_verification,pending_assignment,False,责任档案未匹配的新店,"{""rank"": 3, ""title"": ""10盒包邮 依伦平 厄贝沙坦氢氯噻嗪片150mg:12.5mg*28片"", ""price"": ""22.89"", ""spec"": ""150mg:12.5mg*28片"", ""shop"": ""药店品种预约中心"", ""wholesale_id"": ""162440543"", ""provider_id"": ""4788"", ""manufacturer"": ""南京正大天晴制药有限公司"", ""unit"": ""盒"", ""stock"": ""39"", ""url"": ""https://dian.ysbang.cn/#/druginfo?wholesaleId=162440543&providerId=4788""}",2026-07-20 09:52:47.815866
e87a9c99-571e-4c2c-aceb-d8417aa0c317,023dbaa8-e0f3-40bf-83ec-89f521dd12c8,f84641b2-d406-4376-8a85-1e4b778c6989,yaoshibang,依伦平 厄贝沙坦氢氯噻嗪片,12,187196315,瑞施,https://dian.ysbang.cn/#/druginfo?wholesaleId=187196315&providerId=1088,10盒包邮 依伦平 厄贝沙坦氢氯噻嗪片150mg:12.5mg*28片,23.60,new_store,pending_detail_verification,pending_assignment,False,责任档案未匹配的新店,"{""rank"": 12, ""title"": ""10盒包邮 依伦平 厄贝沙坦氢氯噻嗪片150mg:12.5mg*28片"", ""price"": ""23.60"", ""spec"": ""150mg:12.5mg*28片"", ""shop"": ""瑞施"", ""wholesale_id"": ""187196315"", ""provider_id"": ""1088"", ""manufacturer"": ""南京正大天晴制药有限公司"", ""unit"": ""盒"", ""stock"": ""143"", ""url"": ""https://dian.ysbang.cn/#/druginfo?wholesaleId=187196315&providerId=1088""}",2026-07-20 09:52:47.815888
7996fb9e-4e5c-4cfb-931e-ee11cac6ae83,023dbaa8-e0f3-40bf-83ec-89f521dd12c8,f84641b2-d406-4376-8a85-1e4b778c6989,yaoshibang,依伦平 厄贝沙坦氢氯噻嗪片,20,437044222,药云购,https://dian.ysbang.cn/#/druginfo?wholesaleId=437044222&providerId=10237,6盒包邮 依伦平 厄贝沙坦氢氯噻嗪片150mg:12.5mg*14片*2板,25.76,new_store,pending_detail_verification,pending_assignment,False,责任档案未匹配的新店,"{""rank"": 20, ""title"": ""6盒包邮 依伦平 厄贝沙坦氢氯噻嗪片150mg:12.5mg*14片*2板"", ""price"": ""25.76"", ""spec"": ""150mg:12.5mg*14片*2板"", ""shop"": ""药云购"", ""wholesale_id"": ""437044222"", ""provider_id"": ""10237"", ""manufacturer"": ""南京正大天晴制药有限公司"", ""unit"": ""盒"", ""stock"": ""45"", ""url"": ""https://dian.ysbang.cn/#/druginfo?wholesaleId=437044222&providerId=10237""}",2026-07-20 09:52:47.815905
68130b39-5db3-4e24-954a-a79eb06cd0ba,023dbaa8-e0f3-40bf-83ec-89f521dd12c8,f84641b2-d406-4376-8a85-1e4b778c6989,yaoshibang,依伦平 厄贝沙坦氢氯噻嗪片,1,469996877,药店品种预约中心,https://dian.ysbang.cn/#/druginfo?wholesaleId=469996877&providerId=4788,10盒包邮 依伦平 厄贝沙坦氢氯噻嗪片150mg:12.5mg*28片,22.70,new_store,pending_detail_verification,pending_assignment,False,责任档案未匹配的新店,"{""rank"": 1, ""title"": ""10盒包邮 依伦平 厄贝沙坦氢氯噻嗪片150mg:12.5mg*28片"", ""price"": ""22.70"", ""spec"": ""150mg:12.5mg*28片"", ""shop"": ""药店品种预约中心"", ""wholesale_id"": ""469996877"", ""provider_id"": ""4788"", ""manufacturer"": ""南京正大天晴制药有限公司"", ""unit"": ""盒"", ""stock"": ""56"", ""url"": ""https://dian.ysbang.cn/#/druginfo?wholesaleId=469996877&providerId=4788""}",2026-07-20 09:52:47.815856
432a3c9a-b048-4a61-a94f-fe159f7f7cbc,023dbaa8-e0f3-40bf-83ec-89f521dd12c8,f84641b2-d406-4376-8a85-1e4b778c6989,yaoshibang,依伦平 厄贝沙坦氢氯噻嗪片,9,487704558,福建中源,https://dian.ysbang.cn/#/druginfo?wholesaleId=487704558&providerId=10867,1盒起购 依伦平 厄贝沙坦氢氯噻嗪片150mg:12.5mg*28片,24.00,new_store,pending_detail_verification,pending_assignment,False,责任档案未匹配的新店,"{""rank"": 9, ""title"": ""1盒起购 依伦平 厄贝沙坦氢氯噻嗪片150mg:12.5mg*28片"", ""price"": ""24.00"", ""spec"": ""150mg:12.5mg*28片"", ""shop"": ""福建中源"", ""wholesale_id"": ""487704558"", ""provider_id"": ""10867"", ""manufacturer"": ""南京正大天晴制药有限公司"", ""unit"": ""盒"", ""stock"": ""207"", ""url"": ""https://dian.ysbang.cn/#/druginfo?wholesaleId=487704558&providerId=10867""}",2026-07-20 09:52:47.815881
d0694fe5-0c33-4aad-b83e-7692c9781279,023dbaa8-e0f3-40bf-83ec-89f521dd12c8,f84641b2-d406-4376-8a85-1e4b778c6989,yaoshibang,依伦平 厄贝沙坦氢氯噻嗪片,14,530763882,德盛兴,https://dian.ysbang.cn/#/druginfo?wholesaleId=530763882&providerId=4385,10盒包邮 依伦平 厄贝沙坦氢氯噻嗪片150mg:12.5mg*28片,24.00,new_store,pending_detail_verification,pending_assignment,False,责任档案未匹配的新店,"{""rank"": 14, ""title"": ""10盒包邮 依伦平 厄贝沙坦氢氯噻嗪片150mg:12.5mg*28片"", ""price"": ""24.00"", ""spec"": ""150mg:12.5mg*28片"", ""shop"": ""德盛兴"", ""wholesale_id"": ""530763882"", ""provider_id"": ""4385"", ""manufacturer"": ""南京正大天晴制药有限公司"", ""unit"": ""盒"", ""stock"": ""70"", ""url"": ""https://dian.ysbang.cn/#/druginfo?wholesaleId=530763882&providerId=4385""}",2026-07-20 09:52:47.815892
068aba29-a122-47aa-adcd-58c2627a08be,023dbaa8-e0f3-40bf-83ec-89f521dd12c8,f84641b2-d406-4376-8a85-1e4b778c6989,yaoshibang,依伦平 厄贝沙坦氢氯噻嗪片,4,627796448,药店品种预约中心,https://dian.ysbang.cn/#/druginfo?wholesaleId=627796448&providerId=4788,20盒包邮 依伦平 厄贝沙坦氢氯噻嗪片150mg:12.5mg*28片,22.99,new_store,pending_detail_verification,pending_assignment,False,责任档案未匹配的新店,"{""rank"": 4, ""title"": ""20盒包邮 依伦平 厄贝沙坦氢氯噻嗪片150mg:12.5mg*28片"", ""price"": ""22.99"", ""spec"": ""150mg:12.5mg*28片"", ""shop"": ""药店品种预约中心"", ""wholesale_id"": ""627796448"", ""provider_id"": ""4788"", ""manufacturer"": ""南京正大天晴制药有限公司"", ""unit"": ""盒"", ""stock"": ""20"", ""url"": ""https://dian.ysbang.cn/#/druginfo?wholesaleId=627796448&providerId=4788""}",2026-07-20 09:52:47.815869
f2061d57-4869-4209-8e19-55983c7310e1,023dbaa8-e0f3-40bf-83ec-89f521dd12c8,f84641b2-d406-4376-8a85-1e4b778c6989,yaoshibang,依伦平 厄贝沙坦氢氯噻嗪片,6,709032853,聚优汇,https://dian.ysbang.cn/#/druginfo?wholesaleId=709032853&providerId=655,1盒起购 依伦平 厄贝沙坦氢氯噻嗪片150mg:12.5mg*28片,23.66,new_store,pending_detail_verification,pending_assignment,False,责任档案未匹配的新店,"{""rank"": 6, ""title"": ""1盒起购 依伦平 厄贝沙坦氢氯噻嗪片150mg:12.5mg*28片"", ""price"": ""23.66"", ""spec"": ""150mg:12.5mg*28片"", ""shop"": ""聚优汇"", ""wholesale_id"": ""709032853"", ""provider_id"": ""655"", ""manufacturer"": ""南京正大天晴制药有限公司"", ""unit"": ""盒"", ""stock"": ""46"", ""url"": ""https://dian.ysbang.cn/#/druginfo?wholesaleId=709032853&providerId=655""}",2026-07-20 09:52:47.815874
8a47da21-a436-43fa-ad56-3a85cc9e40e6,023dbaa8-e0f3-40bf-83ec-89f521dd12c8,f84641b2-d406-4376-8a85-1e4b778c6989,yaoshibang,依伦平 厄贝沙坦氢氯噻嗪片,18,877463679,药品购,https://dian.ysbang.cn/#/druginfo?wholesaleId=877463679&providerId=3746,10盒起购 依伦平 厄贝沙坦氢氯噻嗪片150mg:12.5mg*14片*2板（运动员慎用）,26.53,new_store,pending_detail_verification,pending_assignment,False,责任档案未匹配的新店,"{""rank"": 18, ""title"": ""10盒起购 依伦平 厄贝沙坦氢氯噻嗪片150mg:12.5mg*14片*2板（运动员慎用）"", ""price"": ""26.53"", ""spec"": ""150mg:12.5mg*14片*2板"", ""shop"": ""药品购"", ""wholesale_id"": ""877463679"", ""provider_id"": ""3746"", ""manufacturer"": ""南京正大天晴制药有限公司"", ""unit"": ""盒"", ""stock"": ""340"", ""url"": ""https://dian.ysbang.cn/#/druginfo?wholesaleId=877463679&providerId=3746""}",2026-07-20 09:52:47.815901
92f8d8dd-fe49-45dc-b7c6-0a99b3657e3a,023dbaa8-e0f3-40bf-83ec-89f521dd12c8,f84641b2-d406-4376-8a85-1e4b778c6989,yaoshibang,依伦平 厄贝沙坦氢氯噻嗪片,16,920409516,鑫鑫医药,https://dian.ysbang.cn/#/druginfo?wholesaleId=920409516&providerId=11080,9盒包邮 依伦平 厄贝沙坦氢氯噻嗪片150mg:12.5mg*28片,25.10,new_store,pending_detail_verification,pending_assignment,False,责任档案未匹配的新店,"{""rank"": 16, ""title"": ""9盒包邮 依伦平 厄贝沙坦氢氯噻嗪片150mg:12.5mg*28片"", ""price"": ""25.10"", ""spec"": ""150mg:12.5mg*28片"", ""shop"": ""鑫鑫医药"", ""wholesale_id"": ""920409516"", ""provider_id"": ""11080"", ""manufacturer"": ""南京正大天晴制药有限公司"", ""unit"": ""盒"", ""stock"": ""144"", ""url"": ""https://dian.ysbang.cn/#/druginfo?wholesaleId=920409516&providerId=11080""}",2026-07-20 09:52:47.815897
a5d66baf-234c-4fad-be85-38472d87440f,023dbaa8-e0f3-40bf-83ec-89f521dd12c8,f84641b2-d406-4376-8a85-1e4b778c6989,yaoshibang,依伦平 厄贝沙坦氢氯噻嗪片,5,924588357,药店品种预约中心,https://dian.ysbang.cn/#/druginfo?wholesaleId=924588357&providerId=4788,12盒包邮 依伦平 厄贝沙坦氢氯噻嗪片150mg:12.5mg*14片*2板,22.70,new_store,pending_detail_verification,pending_assignment,False,责任档案未匹配的新店,"{""rank"": 5, ""title"": ""12盒包邮 依伦平 厄贝沙坦氢氯噻嗪片150mg:12.5mg*14片*2板"", ""price"": ""22.70"", ""spec"": ""150mg:12.5mg*14片*2板"", ""shop"": ""药店品种预约中心"", ""wholesale_id"": ""924588357"", ""provider_id"": ""4788"", ""manufacturer"": ""南京正大天晴制药有限公司"", ""unit"": ""盒"", ""stock"": ""100"", ""url"": ""https://dian.ysbang.cn/#/druginfo?wholesaleId=924588357&providerId=4788""}",2026-07-20 09:52:47.815871
